Platform	Name	Region	Code	Game	Box	Manual	Comment
NES/FC	1943: The Battle of Midway	NTSC (NA)		Yes	Yes	No	
NES/FC	6 in 1 - Myriad	NTSC (NA)		No	No	No	
NES/FC	8 Eyes	NTSC (NA)		No	No	No	
NES/FC	A Nightmare on Elm Street	NTSC (NA)		No	No	No	
NES/FC	Abadox - The Deadly Inner War	NTSC (NA)		No	No	No	
NES/FC	Action 52	NTSC (NA)		No	No	No	
NES/FC	Addams Family, The	NTSC (NA)		No	No	No	
NES/FC	Addams Family, The: Pugsley's Scavenger Hunt	NTSC (NA)		Yes	No	Yes	
NES/FC	Advanced Dungeons & Dragons: Dragon Strike	NTSC (NA)		No	No	No	
NES/FC	Advanced Dungeons & Dragons: Heroes of the Lance	NTSC (NA)		No	No	No	
NES/FC	Advanced Dungeons & Dragons: Hillsfar	NTSC (NA)		No	No	No	
NES/FC	Advanced Dungeons & Dragons: Pool of Radiance	NTSC (NA)		No	No	No	
NES/FC	Adventure Island	NTSC (NA)		No	No	No	
NES/FC	Adventure Island 3	NTSC (NA)		No	No	No	
NES/FC	Adventure Island II	NTSC (NA)		No	No	No	
NES/FC	Adventures in the Magic Kingdom, Disney's	NTSC (NA)		No	No	No	
NES/FC	Adventures of Bayou Billy, The	NTSC (NA)		No	No	No	
NES/FC	Adventures of Captain Comic, The	NTSC (NA)		No	No	No	
NES/FC	Adventures of Dino Riki	NTSC (NA)		No	No	No	
NES/FC	Adventures of Gilligan's Island, The	NTSC (NA)		No	No	No	
NES/FC	Adventures of Lolo	NTSC (NA)		No	No	No	
NES/FC	Adventures of Lolo 2	NTSC (NA)		No	No	No	
NES/FC	Adventures of Lolo 3	NTSC (NA)		No	No	No	
NES/FC	Adventures of Rad Gravity, The	NTSC (NA)		No	No	No	
NES/FC	Adventures of Rocky And Bullwinkle And Friends, The	NTSC (NA)		No	No	No	
NES/FC	Adventures of Tom Sawyer	NTSC (NA)		No	No	No	
NES/FC	After Burner	NTSC (NA)		No	No	No	
NES/FC	Air Fortress	NTSC (NA)		No	No	No	
NES/FC	Airwolf	NTSC (NA)		No	No	No	
NES/FC	Al Unser Jr. Turbo Racing	NTSC (NA)		No	No	No	
NES/FC	Alfred Chicken	NTSC (NA)		No	No	No	
NES/FC	Alien 3	NTSC (NA)		No	No	No	
NES/FC	Alien Syndrome	NTSC (NA)		No	No	No	
NES/FC	All-Pro Basketball	NTSC (NA)		No	No	No	
NES/FC	Alpha Mission	NTSC (NA)		No	No	No	
NES/FC	Amagon	NTSC (NA)		No	No	No	
NES/FC	American Gladiators	NTSC (NA)		No	No	No	
NES/FC	Anticipation	NTSC (NA)		No	No	No	
NES/FC	Arch Rivals - A BASKETBRAWL!	NTSC (NA)		No	No	No	
NES/FC	Archon	NTSC (NA)		No	No	No	
NES/FC	Arkanoid	NTSC (NA)		No	No	No	
NES/FC	Arkista's Ring	NTSC (NA)		No	No	No	
NES/FC	Astyanax	NTSC (NA)		No	No	No	
NES/FC	Athena	NTSC (NA)		No	No	No	
NES/FC	Athletic World, Family Fun Fitness	NTSC (NA)		No	No	No	
NES/FC	Attack of the Killer Tomatoes	NTSC (NA)		No	No	No	
NES/FC	Baby Boomer	NTSC (NA)		No	No	No	
NES/FC	Back to the Future	NTSC (NA)		No	No	No	
NES/FC	Back to the Future II & III	NTSC (NA)		No	No	No	
NES/FC	Bad Dudes	NTSC (NA)		No	No	No	
NES/FC	Bad News Baseball	NTSC (NA)		No	No	No	
NES/FC	Bad Street Brawler	NTSC (NA)		No	No	No	
NES/FC	Balloon Fight	NTSC (NA)		No	No	No	
NES/FC	Bandai Golf: Challenge Pebble Beach	NTSC (NA)		No	No	No	
NES/FC	Bandit Kings of Ancient China	NTSC (NA)		No	No	No	
NES/FC	Barbie	NTSC (NA)		No	No	No	
NES/FC	Bard's Tale, The	NTSC (NA)		No	No	No	
NES/FC	Barker Bill's Trick Shooting	NTSC (NA)		No	No	No	
NES/FC	Base Wars - Cyber Stadium Series	NTSC (NA)		No	No	No	
NES/FC	Baseball	NTSC (NA)		No	No	No	
NES/FC	Baseball Simulator 1.000	NTSC (NA)		No	No	No	
NES/FC	Baseball Stars	NTSC (NA)		No	No	No	
NES/FC	Baseball Stars 2	NTSC (NA)		No	No	No	
NES/FC	Bases Loaded	NTSC (NA)		No	No	No	
NES/FC	Bases Loaded 2: Second Season	NTSC (NA)		No	No	No	
NES/FC	Bases Loaded 3, Ryne Sandberg Plays	NTSC (NA)		No	No	No	
NES/FC	Bases Loaded 4	NTSC (NA)		No	No	No	
NES/FC	Batman - Return of the Joker	NTSC (NA)		No	No	No	
NES/FC	Batman - The Video Game	NTSC (NA)		No	No	No	
NES/FC	Batman Returns	NTSC (NA)		No	No	No	
NES/FC	Battle Chess	NTSC (NA)		No	No	No	
NES/FC	Battle of Olympus, The	NTSC (NA)		No	No	No	
NES/FC	Battle Tank, Garry Kitchen's	NTSC (NA)		No	No	No	
NES/FC	Battleship	NTSC (NA)		No	No	No	
NES/FC	Battletoads	NTSC (NA)		No	No	No	
NES/FC	Battletoads & Double Dragon	NTSC (NA)		No	No	No	
NES/FC	Bee 52	NTSC (NA)		No	No	No	
NES/FC	Beetlejuice	NTSC (NA)		No	No	No	
NES/FC	Best of the Best Championship Karate	NTSC (NA)		No	No	No	
NES/FC	Bible Adventures	NTSC (NA)		No	No	No	
NES/FC	Bible Buffet	NTSC (NA)		No	No	No	
NES/FC	Big Nose Freaks Out	NTSC (NA)		No	No	No	
NES/FC	Big Nose the Caveman	NTSC (NA)		No	No	No	
NES/FC	Bigfoot	NTSC (NA)		No	No	No	
NES/FC	Bill & Ted's Excellent ^Video Game Adventure	NTSC (NA)		No	No	No	
NES/FC	Bionic Commando	NTSC (NA)		No	No	No	
NES/FC	Black Bass, The	NTSC (NA)		No	No	No	
NES/FC	Blackjack	NTSC (NA)		No	No	No	
NES/FC	Blades of Steel	NTSC (NA)		No	No	No	
NES/FC	Blaster Master	NTSC (NA)		No	No	No	
NES/FC	Blue Marlin	NTSC (NA)		No	No	No	
NES/FC	Blues Brothers, The	NTSC (NA)		No	No	No	
NES/FC	Bo Jackson Baseball	NTSC (NA)		No	No	No	
NES/FC	Bomberman	NTSC (NA)		No	No	No	
NES/FC	Bomberman II	NTSC (NA)		No	No	No	
NES/FC	Bonk's Adventure	NTSC (NA)		No	No	No	
NES/FC	Boulder Dash	NTSC (NA)		No	No	No	
NES/FC	Break Time, The National Pool Tour	NTSC (NA)		No	No	No	
NES/FC	Breakthru	NTSC (NA)		No	No	No	
NES/FC	Bubble Bath Babes	NTSC (NA)		No	No	No	
NES/FC	Bubble Bobble	NTSC (NA)		No	No	No	
NES/FC	Bubble Bobble Part 2	NTSC (NA)		No	No	No	
NES/FC	Bucky O'Hare	NTSC (NA)		No	No	No	
NES/FC	Bugs Bunny Birthday Blowout, The	NTSC (NA)		No	No	No	
NES/FC	Bugs Bunny Crazy Castle, The	NTSC (NA)		No	No	No	
NES/FC	Bump 'n' Jump	NTSC (NA)		No	No	No	
NES/FC	Burai Fighter	NTSC (NA)		No	No	No	
NES/FC	BurgerTime	NTSC (NA)		No	No	No	
NES/FC	Cabal	NTSC (NA)		No	No	No	
NES/FC	Caesar's Palace	NTSC (NA)		No	No	No	
NES/FC	California Games	NTSC (NA)		No	No	No	
NES/FC	Captain America and the Avengers	NTSC (NA)		No	No	No	
NES/FC	Captain Planet and the Planeteers	NTSC (NA)		No	No	No	
NES/FC	Captain Skyhawk	NTSC (NA)		No	No	No	
NES/FC	Casino Kid	NTSC (NA)		No	No	No	
NES/FC	Casino Kid II	NTSC (NA)		No	No	No	
NES/FC	Castelian	NTSC (NA)		No	No	No	
NES/FC	Castle of Deceit	NTSC (NA)		No	No	No	
NES/FC	Castle of Dragon	NTSC (NA)		No	No	No	
NES/FC	Castlequest	NTSC (NA)		No	No	No	
NES/FC	Castlevania	NTSC (NA)		No	No	No	
NES/FC	Castlevania II - Simon's Quest	NTSC (NA)		No	No	No	
NES/FC	Castlevania III - Dracula's Curse	NTSC (NA)		No	No	No	
NES/FC	Caveman Games	NTSC (NA)		No	No	No	
NES/FC	Challenge of the Dragon	NTSC (NA)		No	No	No	
NES/FC	Championship Bowling	NTSC (NA)		No	No	No	
NES/FC	Championship Pool - The Billiard Congress of America Presents	NTSC (NA)		No	No	No	
NES/FC	Cheetahmen II, The	NTSC (NA)		No	No	No	
NES/FC	Chessmaster, The	NTSC (NA)		No	No	No	
NES/FC	Chiller	NTSC (NA)		No	No	No	
NES/FC	Chip 'n Dale Rescue Rangers 2, Disney's	NTSC (NA)		No	No	No	
NES/FC	Chip 'n Dale Rescue Rangers, Disney's	NTSC (NA)		No	No	No	
NES/FC	Chubby Cherub	NTSC (NA)		No	No	No	
NES/FC	Circus Caper	NTSC (NA)		No	No	No	
NES/FC	City Connection	NTSC (NA)		No	No	No	
NES/FC	Clash at Demonhead	NTSC (NA)		No	No	No	
NES/FC	Classic Concentration	NTSC (NA)		No	No	No	
NES/FC	Cliffhanger	NTSC (NA)		No	No	No	
NES/FC	Clu Clu Land	NTSC (NA)		No	No	No	
NES/FC	Cobra Command	NTSC (NA)		No	No	No	
NES/FC	Cobra Triangle	NTSC (NA)		No	No	No	
NES/FC	Code Name: Viper	NTSC (NA)		No	No	No	
NES/FC	Color a Dinosaur	NTSC (NA)		No	No	No	
NES/FC	Commando	NTSC (NA)		No	No	No	
NES/FC	Conan: The Mysteries of Time	NTSC (NA)		No	No	No	
NES/FC	Conflict	NTSC (NA)		No	No	No	
NES/FC	Conquest of the Crystal Palace	NTSC (NA)		No	No	No	
NES/FC	Contra	NTSC (NA)		No	No	No	
NES/FC	Contra Force	NTSC (NA)		No	No	No	
NES/FC	Cool World	NTSC (NA)		No	No	No	
NES/FC	Cowboy Kid	NTSC (NA)		No	No	No	
NES/FC	Crash 'n' the Boys: Street Challenge	NTSC (NA)		No	No	No	
NES/FC	Crystal Mines	NTSC (NA)		No	No	No	
NES/FC	Crystalis	NTSC (NA)		No	No	No	
NES/FC	Cyberball	NTSC (NA)		No	No	No	
NES/FC	Cybernoid, The Fighting Machine	NTSC (NA)		No	No	No	
NES/FC	Dance Aerobics	NTSC (NA)		No	No	No	
NES/FC	Darkman	NTSC (NA)		No	No	No	
NES/FC	Darkwing Duck, Disney's	NTSC (NA)		No	No	No	
NES/FC	Dash Galaxy in the Alien Asylum	NTSC (NA)		No	No	No	
NES/FC	Day Dreamin' Davey	NTSC (NA)		No	No	No	
NES/FC	Days of Thunder	NTSC (NA)		No	No	No	
NES/FC	Deadly Towers	NTSC (NA)		No	No	No	
NES/FC	Death Race	NTSC (NA)		No	No	No	
NES/FC	Deathbots	NTSC (NA)		No	No	No	
NES/FC	Defender II	NTSC (NA)		No	No	No	
NES/FC	Defender of the Crown	NTSC (NA)		No	No	No	
NES/FC	Defenders of Dynatron City	NTSC (NA)		No	No	No	
NES/FC	Demon Sword	NTSC (NA)		No	No	No	
NES/FC	Desert Commander	NTSC (NA)		No	No	No	
NES/FC	Destination Earthstar	NTSC (NA)		No	No	No	
NES/FC	Destiny of an Emperor	NTSC (NA)		No	No	No	
NES/FC	Dick Tracy	NTSC (NA)		No	No	No	
NES/FC	Die Hard	NTSC (NA)		No	No	No	
NES/FC	Dig Dug II, Trouble in Paradise	NTSC (NA)		No	No	No	
NES/FC	Digger T. Rock, The Legend of the Lost City	NTSC (NA)		No	No	No	
NES/FC	Dirty Harry: The War Against Drugs	NTSC (NA)		No	No	No	
NES/FC	Dizzy the Adventurer	NTSC (NA)		No	No	No	
NES/FC	Donkey Kong	NTSC (NA)		No	No	No	
NES/FC	Donkey Kong 3	NTSC (NA)		No	No	No	
NES/FC	Donkey Kong Classics	NTSC (NA)		No	No	No	
NES/FC	Donkey Kong Jr.	NTSC (NA)		No	No	No	
NES/FC	Donkey Kong Jr. Math	NTSC (NA)		No	No	No	
NES/FC	Double Dare	NTSC (NA)		No	No	No	
NES/FC	Double Dragon	NTSC (NA)		No	No	No	
NES/FC	Double Dragon II - The Revenge	NTSC (NA)		No	No	No	
NES/FC	Double Dragon III - The Sacred Stones	NTSC (NA)		No	No	No	
NES/FC	Double Dribble	NTSC (NA)		No	No	No	
NES/FC	Double Strike	NTSC (NA)		No	No	No	
NES/FC	Dr. Chaos	NTSC (NA)		No	No	No	
NES/FC	Dr. Jekyll and Mr. Hyde	NTSC (NA)		No	No	No	
NES/FC	Dr. Mario	NTSC (NA)		No	No	No	
NES/FC	Dracula, Bram Stoker's	NTSC (NA)		No	No	No	
NES/FC	Dragon Fighter	NTSC (NA)		No	No	No	
NES/FC	Dragon Power	NTSC (NA)		No	No	No	
NES/FC	Dragon Spirit, The New Legend	NTSC (NA)		No	No	No	
NES/FC	Dragon Warrior	NTSC (NA)		No	No	No	
NES/FC	Dragon Warrior II	NTSC (NA)		No	No	No	
NES/FC	Dragon Warrior III	NTSC (NA)		No	No	No	
NES/FC	Dragon Warrior IV	NTSC (NA)		No	No	No	
NES/FC	Dragon's Lair, Sullivan Bluth Presents	NTSC (NA)		No	No	No	
NES/FC	Duck Hunt	NTSC (NA)		No	No	No	
NES/FC	Duck Tales 2, Disney's	NTSC (NA)		No	No	No	
NES/FC	Duck Tales, Disney's	NTSC (NA)		No	No	No	
NES/FC	Dudes with Attitude	NTSC (NA)		No	No	No	
NES/FC	Dungeon Magic - Sword of the Elements	NTSC (NA)		No	No	No	
NES/FC	Dusty Diamond's All-Star Softball	NTSC (NA)		No	No	No	
NES/FC	Dynowarz, The Destruction of Spondylus	NTSC (NA)		No	No	No	
NES/FC	Déjà Vu	NTSC (NA)		No	No	No	
NES/FC	Elevator Action	NTSC (NA)		No	No	No	
NES/FC	Eliminator Boat Duel	NTSC (NA)		No	No	No	
NES/FC	Excitebike	NTSC (NA)		No	No	No	
NES/FC	Exodus: Journey to the Promised Land	NTSC (NA)		No	No	No	
NES/FC	F-117A Stealth Fighter	NTSC (NA)		No	No	No	
NES/FC	F-15 City War	NTSC (NA)		No	No	No	
NES/FC	F-15 Strike Eagle	NTSC (NA)		No	No	No	
NES/FC	Family Feud	NTSC (NA)		No	No	No	
NES/FC	Fantastic Adventures of Dizzy, The	NTSC (NA)		No	No	No	
NES/FC	Fantasy Zone	NTSC (NA)		No	No	No	
NES/FC	Faria, A World of Mystery & Danger!	NTSC (NA)		No	No	No	
NES/FC	Fast Break, Magic Johnson's	NTSC (NA)		No	No	No	
NES/FC	Faxanadu	NTSC (NA)		No	No	No	
NES/FC	Felix the Cat	NTSC (NA)		No	No	No	
NES/FC	Ferrari Grand Prix Challenge	NTSC (NA)		No	No	No	
NES/FC	Fester's Quest	NTSC (NA)		No	No	No	
NES/FC	Fighting Golf, Lee Trevino's	NTSC (NA)		No	No	No	
NES/FC	Final Fantasy	NTSC (NA)		No	No	No	
NES/FC	Fire 'n Ice	NTSC (NA)		No	No	No	
NES/FC	Fire Hawk	NTSC (NA)		No	No	No	
NES/FC	Fisher-Price: Firehouse Rescue	NTSC (NA)		No	No	No	
NES/FC	Fisher-Price: I Can Remember	NTSC (NA)		No	No	No	
NES/FC	Fisher-Price: Perfect Fit	NTSC (NA)		No	No	No	
NES/FC	Fist of the North Star	NTSC (NA)		No	No	No	
NES/FC	Flight of the Intruder	NTSC (NA)		No	No	No	
NES/FC	Flintstones, The - Rescue of Dino & Hoppy	NTSC (NA)		No	No	No	
NES/FC	Flintstones, The - The Surprise at Dinosaur Peak	NTSC (NA)		No	No	No	
NES/FC	Flying Dragon: The Secret Scroll	NTSC (NA)		No	No	No	
NES/FC	Flying Warriors	NTSC (NA)		No	No	No	
NES/FC	Formula One: Built to Win	NTSC (NA)		No	No	No	
NES/FC	Frankenstein: The Monster Returns	NTSC (NA)		No	No	No	
NES/FC	Freedom Force	NTSC (NA)		No	No	No	
NES/FC	Friday the 13th	NTSC (NA)		No	No	No	
NES/FC	Fun House	NTSC (NA)		No	No	No	
NES/FC	G.I. Joe: A Real American Hero	NTSC (NA)		No	No	No	
NES/FC	G.I. Joe: The Atlantis Factor	NTSC (NA)		No	No	No	
NES/FC	Galactic Crusader	NTSC (NA)		No	No	No	
NES/FC	Galaga - Demons of Death	NTSC (NA)		No	No	No	
NES/FC	Galaxy 5000 - Racing in the 51<SUP>st</SUP> Century	NTSC (NA)		No	No	No	
NES/FC	Gargoyle's Quest II	NTSC (NA)		No	No	No	
NES/FC	Gauntlet	NTSC (NA)		No	No	No	
NES/FC	Gauntlet	NTSC (NA)		No	No	No	
NES/FC	Gauntlet II	NTSC (NA)		No	No	No	
NES/FC	Gemfire	NTSC (NA)		No	No	No	
NES/FC	Genghis Khan	NTSC (NA)		No	No	No	
NES/FC	Ghost Lion, Legend of	NTSC (NA)		No	No	No	
NES/FC	Ghostbusters	NTSC (NA)		No	No	No	
NES/FC	Ghostbusters II	NTSC (NA)		No	No	No	
NES/FC	Ghosts 'n Goblins	NTSC (NA)		No	No	No	
NES/FC	Ghoul School	NTSC (NA)		No	No	No	
NES/FC	Goal!	NTSC (NA)		No	No	No	
NES/FC	Goal! 2	NTSC (NA)		No	No	No	
NES/FC	Godzilla - Monster of Monsters!	NTSC (NA)		No	No	No	
NES/FC	Godzilla 2: War of the Monsters	NTSC (NA)		No	No	No	
NES/FC	Gold Medal Challenge '92	NTSC (NA)		No	No	No	
NES/FC	Golf	NTSC (NA)		No	No	No	
NES/FC	Golf Grand Slam	NTSC (NA)		No	No	No	
NES/FC	Golf Power, Greg Norman's	NTSC (NA)		No	No	No	
NES/FC	Golgo 13: Top Secret Episode	NTSC (NA)		No	No	No	
NES/FC	Goonies II, The	NTSC (NA)		No	No	No	
NES/FC	Gotcha! The Sport!	NTSC (NA)		No	No	No	
NES/FC	Gradius	NTSC (NA)		No	No	No	
NES/FC	Great Waldo Search, The	NTSC (NA)		No	No	No	
NES/FC	Gremlins 2 - The New Batch	NTSC (NA)		No	No	No	
NES/FC	Guardian Legend, The	NTSC (NA)		No	No	No	
NES/FC	Guerrilla War	NTSC (NA)		No	No	No	
NES/FC	Gumshoe	NTSC (NA)		No	No	No	
NES/FC	Gun+Nac	NTSC (NA)		No	No	No	
NES/FC	Gun.Smoke	NTSC (NA)		No	No	No	
NES/FC	Gyromite	NTSC (NA)		No	No	No	
NES/FC	Gyruss	NTSC (NA)		No	No	No	
NES/FC	Harlem Globetrotters	NTSC (NA)		No	No	No	
NES/FC	Hatris	NTSC (NA)		No	No	No	
NES/FC	Heavy Barrel	NTSC (NA)		No	No	No	
NES/FC	Heavy Shreddin'	NTSC (NA)		No	No	No	
NES/FC	High Speed	NTSC (NA)		No	No	No	
NES/FC	Hogan's Alley	NTSC (NA)		No	No	No	
NES/FC	Hollywood Squares	NTSC (NA)		No	No	No	
NES/FC	Home Alone	NTSC (NA)		No	No	No	
NES/FC	Home Alone 2 - Lost in New York	NTSC (NA)		No	No	No	
NES/FC	Hook	NTSC (NA)		No	No	No	
NES/FC	Hoops	NTSC (NA)		No	No	No	
NES/FC	Hot Slots	NTSC (NA)		No	No	No	
NES/FC	Hudson Hawk	NTSC (NA)		No	No	No	
NES/FC	Hunt for Red October, The	NTSC (NA)		No	No	No	
NES/FC	Hydlide	NTSC (NA)		No	No	No	
NES/FC	Ice Climber	NTSC (NA)		No	No	No	
NES/FC	Ice Hockey	NTSC (NA)		No	No	No	
NES/FC	Ikari Warriors	NTSC (NA)		No	No	No	
NES/FC	Ikari Warriors II: Victory Road	NTSC (NA)		No	No	No	
NES/FC	Ikari Warriors III: The Rescue	NTSC (NA)		No	No	No	
NES/FC	Image Fight	NTSC (NA)		No	No	No	
NES/FC	Immortal, The	NTSC (NA)		No	No	No	
NES/FC	Impossible Mission II	NTSC (NA)		No	No	No	
NES/FC	Impossible Mission II	NTSC (NA)		No	No	No	
NES/FC	Incredible Crash Dummies, The	NTSC (NA)		No	No	No	
NES/FC	Indiana Jones and the Last Crusade	NTSC (NA)		No	No	No	
NES/FC	Indiana Jones and the Last Crusade	NTSC (NA)		No	No	No	
NES/FC	Indiana Jones and the Temple of Doom	NTSC (NA)		No	No	No	
NES/FC	Indiana Jones and the Temple of Doom	NTSC (NA)		No	No	No	
NES/FC	Indy Heat, Danny Sullivan's	NTSC (NA)		No	No	No	
NES/FC	Infiltrator	NTSC (NA)		No	No	No	
NES/FC	Iron Tank - The Invasion of Normandy	NTSC (NA)		No	No	No	
NES/FC	Ironsword - Wizards & Warriors II	NTSC (NA)		No	No	No	
NES/FC	Isolated Warrior	NTSC (NA)		No	No	No	
NES/FC	Jack Nicklaus' Greatest 18 Holes of Major Championship Golf	NTSC (NA)		No	No	No	
NES/FC	Jackal	NTSC (NA)		No	No	No	
NES/FC	Jackie Chan's Action Kung Fu	NTSC (NA)		No	No	No	
NES/FC	James Bond Jr.	NTSC (NA)		No	No	No	
NES/FC	Jaws	NTSC (NA)		No	No	No	
NES/FC	Jeopardy!	NTSC (NA)		No	No	No	
NES/FC	Jeopardy! 25th Anniversary Edition	NTSC (NA)		No	No	No	
NES/FC	Jeopardy! Jr. Edition	NTSC (NA)		No	No	No	
NES/FC	Jetsons, The - Cogswell's Caper	NTSC (NA)		No	No	No	
NES/FC	Jimmy Connors Tennis	NTSC (NA)		No	No	No	
NES/FC	Joe & Mac	NTSC (NA)		No	No	No	
NES/FC	John Elway's Quarterback	NTSC (NA)		No	No	No	
NES/FC	Jordan vs. Bird: One on One	NTSC (NA)		No	No	No	
NES/FC	Joshua & The Battle of Jericho	NTSC (NA)		No	No	No	
NES/FC	Journey to Silius	NTSC (NA)		No	No	No	
NES/FC	Joust	NTSC (NA)		No	No	No	
NES/FC	Jungle Book, The, Disney's	NTSC (NA)		No	No	No	
NES/FC	Jurassic Park	NTSC (NA)		No	No	No	
NES/FC	Kabuki - Quantum Fighter	NTSC (NA)		No	No	No	
NES/FC	Karate Champ	NTSC (NA)		No	No	No	
NES/FC	Karate Kid, The	NTSC (NA)		No	No	No	
NES/FC	Karnov	NTSC (NA)		No	No	No	
NES/FC	Kickle Cubicle	NTSC (NA)		No	No	No	
NES/FC	Kickmaster	NTSC (NA)		No	No	No	
NES/FC	Kid Icarus	NTSC (NA)		No	No	No	
NES/FC	Kid Klown in Night Mayor World	NTSC (NA)		No	No	No	
NES/FC	Kid Kool and the Quest for the Seven Wonder Herbs	NTSC (NA)		No	No	No	
NES/FC	Kid Niki: Radical Ninja	NTSC (NA)		No	No	No	
NES/FC	King Neptune's Adventure	NTSC (NA)		No	No	No	
NES/FC	King of Kings, The Early Years	NTSC (NA)		No	No	No	
NES/FC	King's Knight	NTSC (NA)		No	No	No	
NES/FC	King's Quest V	NTSC (NA)		No	No	No	
NES/FC	Kings of the Beach Professional Beach Volleyball	NTSC (NA)		No	No	No	
NES/FC	Kirby's Adventure	NTSC (NA)		No	No	No	
NES/FC	Kiwi Kraze, A Bird-Brained Adventure!	NTSC (NA)		No	No	No	
NES/FC	Klash Ball	NTSC (NA)		No	No	No	
NES/FC	Klax	NTSC (NA)		No	No	No	
NES/FC	Knight Rider	NTSC (NA)		No	No	No	
NES/FC	KO Boxing, George Foreman's	NTSC (NA)		No	No	No	
NES/FC	Krazy Kreatures	NTSC (NA)		No	No	No	
NES/FC	Krion Conquest, The	NTSC (NA)		No	No	No	
NES/FC	Kung Fu	NTSC (NA)		No	No	No	
NES/FC	Kung Fu Heroes	NTSC (NA)		No	No	No	
NES/FC	L'Empereur	NTSC (NA)		No	No	No	
NES/FC	Laser Invasion	NTSC (NA)		No	No	No	
NES/FC	Last Action Hero	NTSC (NA)		No	No	No	
NES/FC	Last Ninja, The	NTSC (NA)		No	No	No	
NES/FC	Last Starfighter, The	NTSC (NA)		No	No	No	
NES/FC	Legacy of the Wizard	NTSC (NA)		No	No	No	
NES/FC	Legend of Kage, The	NTSC (NA)		No	No	No	
NES/FC	Legend of Zelda, The	NTSC (NA)		No	No	No	
NES/FC	Legendary Wings, The	NTSC (NA)		No	No	No	
NES/FC	Legends of the Diamond, The Baseball Championship Game	NTSC (NA)		No	No	No	
NES/FC	Lemmings	NTSC (NA)		No	No	No	
NES/FC	Lethal Weapon	NTSC (NA)		No	No	No	
NES/FC	Life Force	NTSC (NA)		No	No	No	
NES/FC	Linus Spacehead's 'Cosmic Crusade'	NTSC (NA)		No	No	No	
NES/FC	Little League Baseball: Championship Series	NTSC (NA)		No	No	No	
NES/FC	Little Mermaid, The, Disney's	NTSC (NA)		No	No	No	
NES/FC	Little Nemo - The Dream Master	NTSC (NA)		No	No	No	
NES/FC	Little Ninja Brothers	NTSC (NA)		No	No	No	
NES/FC	Little Samson	NTSC (NA)		No	No	No	
NES/FC	Lode Runner	NTSC (NA)		No	No	No	
NES/FC	Lone Ranger, The	NTSC (NA)		No	No	No	
NES/FC	Loopz	NTSC (NA)		No	No	No	
NES/FC	Low G Man: The Low Gravity Man	NTSC (NA)		No	No	No	
NES/FC	Lunar Pool	NTSC (NA)		No	No	No	
NES/FC	M.C. Kids	NTSC (NA)		No	No	No	
NES/FC	M.U.L.E.	NTSC (NA)		No	No	No	
NES/FC	M.U.S.C.L.E. - Tag Team Match	NTSC (NA)		No	No	No	
NES/FC	Mach Rider	NTSC (NA)		No	No	No	
NES/FC	Mad Max	NTSC (NA)		No	No	No	
NES/FC	Mafat Conspiracy, The: Golgo 13 II	NTSC (NA)		No	No	No	
NES/FC	Magic Darts	NTSC (NA)		No	No	No	
NES/FC	Magic of Scheherazade, The	NTSC (NA)		No	No	No	
NES/FC	Magician	NTSC (NA)		No	No	No	
NES/FC	Magmax	NTSC (NA)		No	No	No	
NES/FC	Major League Baseball	NTSC (NA)		No	No	No	
NES/FC	Maniac Mansion	NTSC (NA)		No	No	No	
NES/FC	Mappy-Land	NTSC (NA)		No	No	No	
NES/FC	Marble Madness	NTSC (NA)		No	No	No	
NES/FC	Mario Bros., The Original	NTSC (NA)		No	No	No	
NES/FC	Mario Is Missing!	NTSC (NA)		No	No	No	
NES/FC	Mario's Time Machine	NTSC (NA)		No	No	No	
NES/FC	Marvel's X-Men	NTSC (NA)		No	No	No	
NES/FC	Master Chu and the Drunkard Hu	NTSC (NA)		No	No	No	
NES/FC	Maxi 15	NTSC (NA)		No	No	No	
NES/FC	Mechanized Attack	NTSC (NA)		No	No	No	
NES/FC	Mega Man	NTSC (NA)		No	No	No	
NES/FC	Mega Man 2	NTSC (NA)		No	No	No	
NES/FC	Mega Man 3	NTSC (NA)		No	No	No	
NES/FC	Mega Man 4	NTSC (NA)		No	No	No	
NES/FC	Mega Man 5	NTSC (NA)		No	No	No	
NES/FC	Mega Man 6	NTSC (NA)		No	No	No	
NES/FC	Menace Beach	NTSC (NA)		No	No	No	
NES/FC	Mendel Palace	NTSC (NA)		No	No	No	
NES/FC	Mermaids of Atlantis	NTSC (NA)		No	No	No	
NES/FC	Metal Fighter	NTSC (NA)		No	No	No	
NES/FC	Metal Gear	NTSC (NA)		No	No	No	
NES/FC	Metal Mech, Man & Machine	NTSC (NA)		No	No	No	
NES/FC	Metal Storm	NTSC (NA)		No	No	No	
NES/FC	Metroid	NTSC (NA)		No	No	No	
NES/FC	Michael Andretti's World GP	NTSC (NA)		No	No	No	
NES/FC	Mickey Mousecapade	NTSC (NA)		No	No	No	
NES/FC	Mickey's Adventure in Numberland	NTSC (NA)		No	No	No	
NES/FC	Mickey's Safari in Letterland	NTSC (NA)		No	No	No	
NES/FC	Micro Machines	NTSC (NA)		No	No	No	
NES/FC	Mig 29 Soviet Fighter	NTSC (NA)		No	No	No	
NES/FC	Might & Magic: Secret of the Inner Sanctum	NTSC (NA)		No	No	No	
NES/FC	Mighty Bombjack	NTSC (NA)		No	No	No	
NES/FC	Mighty Final Fight	NTSC (NA)		No	No	No	
NES/FC	Mike Tyson's Punch-Out!!	NTSC (NA)		No	No	No	
NES/FC	Millipede	NTSC (NA)		No	No	No	
NES/FC	Milon's Secret Castle	NTSC (NA)		No	No	No	
NES/FC	Miracle Piano Teaching System, The	NTSC (NA)		No	No	No	
NES/FC	Mission Cobra	NTSC (NA)		No	No	No	
NES/FC	Mission: Impossible	NTSC (NA)		No	No	No	
NES/FC	Monopoly	NTSC (NA)		No	No	No	
NES/FC	Monster in My Pocket	NTSC (NA)		No	No	No	
NES/FC	Monster Party	NTSC (NA)		No	No	No	
NES/FC	Monster Truck Rally	NTSC (NA)		No	No	No	
NES/FC	Moon Ranger	NTSC (NA)		No	No	No	
NES/FC	Motor City Patrol	NTSC (NA)		No	No	No	
NES/FC	Ms. Pac-Man	NTSC (NA)		No	No	No	
NES/FC	Ms. Pac-Man	NTSC (NA)		No	No	No	
NES/FC	Muppet Adventure: Chaos at the Carnival, Jim Henson's	NTSC (NA)		No	No	No	
NES/FC	Mutant Virus, The	NTSC (NA)		No	No	No	
NES/FC	Mystery Quest	NTSC (NA)		No	No	No	
NES/FC	NARC	NTSC (NA)		No	No	No	
NES/FC	NASCAR Challenge, Bill Elliot's	NTSC (NA)		No	No	No	
NES/FC	NFL Football	NTSC (NA)		No	No	No	
NES/FC	Nightshade	NTSC (NA)		No	No	No	
NES/FC	Ninja Crusaders	NTSC (NA)		No	No	No	
NES/FC	Ninja Gaiden	NTSC (NA)		No	No	No	
NES/FC	Ninja Gaiden II, The Dark Sword of Chaos	NTSC (NA)		No	No	No	
NES/FC	Ninja Gaiden III, The Ancient Ship of Doom	NTSC (NA)		No	No	No	
NES/FC	Ninja Kid	NTSC (NA)		No	No	No	
NES/FC	Nobunaga's Ambition	NTSC (NA)		No	No	No	
NES/FC	Nobunaga's Ambition II	NTSC (NA)		No	No	No	
NES/FC	North and South	NTSC (NA)		No	No	No	
NES/FC	Open Tournament Golf, NES	NTSC (NA)		No	No	No	
NES/FC	Operation Secret Storm	NTSC (NA)		No	No	No	
NES/FC	Operation Wolf, Take No Prisoners	NTSC (NA)		No	No	No	
NES/FC	ORB 3-D	NTSC (NA)		No	No	No	
NES/FC	Othello	NTSC (NA)		No	No	No	
NES/FC	Overlord	NTSC (NA)		No	No	No	
NES/FC	P'radikus Conflict, The	NTSC (NA)		No	No	No	
NES/FC	P.O.W. - Prisoners of War	NTSC (NA)		No	No	No	
NES/FC	Pac-Man	NTSC (NA)		No	No	No	
NES/FC	Pac-Man	NTSC (NA)		No	No	No	
NES/FC	Pac-Man	NTSC (NA)		No	No	No	
NES/FC	Pac-Mania	NTSC (NA)		No	No	No	
NES/FC	Palamedes	NTSC (NA)		No	No	No	
NES/FC	Panic Restaurant	NTSC (NA)		No	No	No	
NES/FC	Paperboy	NTSC (NA)		No	No	No	
NES/FC	Paperboy 2	NTSC (NA)		No	No	No	
NES/FC	Peek A Boo Poker	NTSC (NA)		No	No	No	
NES/FC	Pesterminator - The Western Exterminator	NTSC (NA)		No	No	No	
NES/FC	Peter Pan & The Pirates: The Revenge of Captain Hook, Fox's	NTSC (NA)		No	No	No	
NES/FC	Phantom Fighter	NTSC (NA)		No	No	No	
NES/FC	Pictionary	NTSC (NA)		No	No	No	
NES/FC	Pin-Bot	NTSC (NA)		No	No	No	
NES/FC	Pinball	NTSC (NA)		No	No	No	
NES/FC	Pinball Quest	NTSC (NA)		No	No	No	
NES/FC	Pipe Dream	NTSC (NA)		No	No	No	
NES/FC	Pirates!	NTSC (NA)		No	No	No	
NES/FC	Platoon	NTSC (NA)		No	No	No	
NES/FC	Play Action Football, NES	NTSC (NA)		No	No	No	
NES/FC	Popeye	NTSC (NA)		No	No	No	
NES/FC	Power Blade	NTSC (NA)		No	No	No	
NES/FC	Power Blade 2	NTSC (NA)		No	No	No	
NES/FC	Power Punch II	NTSC (NA)		No	No	No	
NES/FC	Predator	NTSC (NA)		No	No	No	
NES/FC	Prince of Persia	NTSC (NA)		No	No	No	
NES/FC	Princess Tomato in the Salad Kingdom	NTSC (NA)		No	No	No	
NES/FC	Pro Sport Hockey	NTSC (NA)		No	No	No	
NES/FC	Pro Wrestling	NTSC (NA)		No	No	No	
NES/FC	Punch-Out!!	NTSC (NA)		No	No	No	
NES/FC	Punisher, The	NTSC (NA)		No	No	No	
NES/FC	Puss N' Boots: Pero's Great Adventure	NTSC (NA)		No	No	No	
NES/FC	Puzzle	NTSC (NA)		No	No	No	
NES/FC	Puzznic	NTSC (NA)		No	No	No	
NES/FC	Pyramid	NTSC (NA)		No	No	No	
NES/FC	Q*Bert	NTSC (NA)		No	No	No	
NES/FC	Qix	NTSC (NA)		No	No	No	
NES/FC	Quattro Adventure	NTSC (NA)		No	No	No	
NES/FC	Quattro Arcade	NTSC (NA)		No	No	No	
NES/FC	Quattro Sports	NTSC (NA)		No	No	No	
NES/FC	R.B.I. Baseball	NTSC (NA)		No	No	No	
NES/FC	R.B.I. Baseball	NTSC (NA)		No	No	No	
NES/FC	R.B.I. Baseball 2	NTSC (NA)		No	No	No	
NES/FC	R.B.I. Baseball 3	NTSC (NA)		No	No	No	
NES/FC	R.C. Pro-Am	NTSC (NA)		No	No	No	
NES/FC	R.C. Pro-Am II	NTSC (NA)		No	No	No	
NES/FC	Race America, Alex DeMeo's	NTSC (NA)		No	No	No	
NES/FC	RacerMate Challenge II	NTSC (NA)		No	No	No	
NES/FC	Racket Attack	NTSC (NA)		No	No	No	
NES/FC	Rad Racer	NTSC (NA)		No	No	No	
NES/FC	Rad Racer II	NTSC (NA)		No	No	No	
NES/FC	Rad Racket - Deluxe Tennis II	NTSC (NA)		No	No	No	
NES/FC	Raid 2020	NTSC (NA)		No	No	No	
NES/FC	Raid on Bungeling Bay	NTSC (NA)		No	No	No	
NES/FC	Rainbow Islands	NTSC (NA)		No	No	No	
NES/FC	Rally Bike	NTSC (NA)		No	No	No	
NES/FC	Rambo	NTSC (NA)		No	No	No	
NES/FC	Rampage	NTSC (NA)		No	No	No	
NES/FC	Rampart	NTSC (NA)		No	No	No	
NES/FC	Remote Control	NTSC (NA)		No	No	No	
NES/FC	Ren & Stimpy Show, The: Buckeroo$!	NTSC (NA)		No	No	No	
NES/FC	Renegade	NTSC (NA)		No	No	No	
NES/FC	Rescue - The Embassy Mission	NTSC (NA)		No	No	No	
NES/FC	Ring King	NTSC (NA)		No	No	No	
NES/FC	River City Ransom	NTSC (NA)		No	No	No	
NES/FC	Road Runner	NTSC (NA)		No	No	No	
NES/FC	RoadBlasters	NTSC (NA)		No	No	No	
NES/FC	Robin Hood - Prince of Thieves	NTSC (NA)		No	No	No	
NES/FC	RoboCop	NTSC (NA)		No	No	No	
NES/FC	RoboCop 2	NTSC (NA)		No	No	No	
NES/FC	RoboCop 3	NTSC (NA)		No	No	No	
NES/FC	Robodemons	NTSC (NA)		No	No	No	
NES/FC	RoboWarrior	NTSC (NA)		No	No	No	
NES/FC	Rock 'n Ball	NTSC (NA)		No	No	No	
NES/FC	Rocket Ranger	NTSC (NA)		No	No	No	
NES/FC	Rocketeer, The	NTSC (NA)		No	No	No	
NES/FC	Rockin' Kats	NTSC (NA)		No	No	No	
NES/FC	Roger Clemens' MVP Baseball	NTSC (NA)		No	No	No	
NES/FC	Rollerball	NTSC (NA)		No	No	No	
NES/FC	Rollerblade Racer	NTSC (NA)		No	No	No	
NES/FC	Rollergames	NTSC (NA)		No	No	No	
NES/FC	Rolling Thunder	NTSC (NA)		No	No	No	
NES/FC	Romance of the Three Kingdoms	NTSC (NA)		No	No	No	
NES/FC	Romance of the Three Kingdoms II	NTSC (NA)		No	No	No	
NES/FC	Roundball 2-on-2 Challenge	NTSC (NA)		No	No	No	
NES/FC	Rush'n Attack	NTSC (NA)		No	No	No	
NES/FC	Rygar	NTSC (NA)		No	No	No	
NES/FC	S.C.A.T.	NTSC (NA)		No	No	No	
NES/FC	Secret Scout	NTSC (NA)		No	No	No	
NES/FC	Section-Z	NTSC (NA)		No	No	No	
NES/FC	Seicross	NTSC (NA)		No	No	No	
NES/FC	Sesame Street: 123	NTSC (NA)		No	No	No	
NES/FC	Sesame Street: ABC	NTSC (NA)		No	No	No	
NES/FC	Sesame Street: ABC/123	NTSC (NA)		No	No	No	
NES/FC	Sesame Street: Big Bird's Hide & Speak	NTSC (NA)		No	No	No	
NES/FC	Sesame Street: Countdown	NTSC (NA)		No	No	No	
NES/FC	Shadow of the Ninja	NTSC (NA)		No	No	No	
NES/FC	Shadowgate	NTSC (NA)		No	No	No	
NES/FC	Shatterhand	NTSC (NA)		No	No	No	
NES/FC	Shingen the Ruler	NTSC (NA)		No	No	No	
NES/FC	Shinobi	NTSC (NA)		No	No	No	
NES/FC	Shockwave	NTSC (NA)		No	No	No	
NES/FC	Shooting Range	NTSC (NA)		No	No	No	
NES/FC	Short Order/Eggsplode	NTSC (NA)		No	No	No	
NES/FC	Side Pocket	NTSC (NA)		No	No	No	
NES/FC	Silent Assault	NTSC (NA)		No	No	No	
NES/FC	Silent Service	NTSC (NA)		No	No	No	
NES/FC	Silk Worm	NTSC (NA)		No	No	No	
NES/FC	Silver Surfer	NTSC (NA)		No	No	No	
NES/FC	Simpsons, The - Bart Vs. the Space Mutants	NTSC (NA)		No	No	No	
NES/FC	Simpsons, The - Bart Vs. the World	NTSC (NA)		No	No	No	
NES/FC	Simpsons, The - Bartman Meets Radioactive Man	NTSC (NA)		No	No	No	
NES/FC	Simpsons, The - Krusty's Fun House	NTSC (NA)		No	No	No	
NES/FC	Skate or Die	NTSC (NA)		No	No	No	
NES/FC	Skate or Die 2, The Search for Double Trouble	NTSC (NA)		No	No	No	
NES/FC	Ski or Die	NTSC (NA)		No	No	No	
NES/FC	Skull & Crossbones	NTSC (NA)		No	No	No	
NES/FC	Sky Kid	NTSC (NA)		No	No	No	
NES/FC	Sky Shark	NTSC (NA)		No	No	No	
NES/FC	Slalom	NTSC (NA)		No	No	No	
NES/FC	Smash T.V.	NTSC (NA)		No	No	No	
NES/FC	Snake Rattle n Roll	NTSC (NA)		No	No	No	
NES/FC	Snake's Revenge	NTSC (NA)		No	No	No	
NES/FC	Snoopy's Silly Sports Spectacular	NTSC (NA)		No	No	No	
NES/FC	Snow Brothers	NTSC (NA)		No	No	No	
NES/FC	Soccer	NTSC (NA)		No	No	No	
NES/FC	Solar Jetman - Hunt for the Golden Warship	NTSC (NA)		No	No	No	
NES/FC	Solitaire	NTSC (NA)		No	No	No	
NES/FC	Solomon's Key	NTSC (NA)		No	No	No	
NES/FC	Solstice - The Quest for the Staff of Demnos	NTSC (NA)		No	No	No	
NES/FC	Space Shuttle Project	NTSC (NA)		No	No	No	
NES/FC	Spelunker	NTSC (NA)		No	No	No	
NES/FC	Spider-Man - Return of the Sinister Six	NTSC (NA)		No	No	No	
NES/FC	Spiritual Warfare	NTSC (NA)		No	No	No	
NES/FC	Spot: The Videogame!	NTSC (NA)		No	No	No	
NES/FC	Spy Hunter	NTSC (NA)		No	No	No	
NES/FC	Spy vs. Spy	NTSC (NA)		No	No	No	
NES/FC	Sqoon	NTSC (NA)		No	No	No	
NES/FC	Stack-Up	NTSC (NA)		No	No	No	
NES/FC	Stadium Events	NTSC (NA)		No	No	No	
NES/FC	Stanley: The Search for Dr. Livingston	NTSC (NA)		No	No	No	
NES/FC	Star Force	NTSC (NA)		No	No	No	
NES/FC	Star Soldier	NTSC (NA)		No	No	No	
NES/FC	Star Trek 25th Anniversary	NTSC (NA)		No	No	No	
NES/FC	Star Trek: The Next Generation	NTSC (NA)		No	No	No	
NES/FC	Star Tropics	NTSC (NA)		No	No	No	
NES/FC	Star Tropics II - Zoda's Revenge	NTSC (NA)		No	No	No	
NES/FC	Star Voyager	NTSC (NA)		No	No	No	
NES/FC	Star Wars	NTSC (NA)		No	No	No	
NES/FC	Star Wars - The Empire Strikes Back	NTSC (NA)		No	No	No	
NES/FC	Starship Hector	NTSC (NA)		No	No	No	
NES/FC	Stealth ATF	NTSC (NA)		No	No	No	
NES/FC	Stinger	NTSC (NA)		No	No	No	
NES/FC	Street Cop	NTSC (NA)		No	No	No	
NES/FC	Street Fighter 2010 - The Final Fight	NTSC (NA)		No	No	No	
NES/FC	Strider	NTSC (NA)		No	No	No	
NES/FC	Stunt Kids	NTSC (NA)		No	No	No	
NES/FC	Sunday Funday	NTSC (NA)		No	No	No	
NES/FC	Super C	NTSC (NA)		No	No	No	
NES/FC	Super Cars	NTSC (NA)		No	No	No	
NES/FC	Super Dodge Ball	NTSC (NA)		No	No	No	
NES/FC	Super Glove Ball	NTSC (NA)		No	No	No	
NES/FC	Super Jeopardy!, Talking	NTSC (NA)		No	No	No	
NES/FC	Super Mario Bros.	NTSC (NA)		No	No	No	
NES/FC	Super Mario Bros. - Duck Hunt	NTSC (NA)		No	No	No	
NES/FC	Super Mario Bros. - Duck Hunt - World Class Track Meet	NTSC (NA)		No	No	No	
NES/FC	Super Mario Bros. 2	NTSC (NA)		No	No	No	
NES/FC	Super Mario Bros. 3	NTSC (NA)		No	No	No	
NES/FC	Super Off Road, Ivan 'Ironman' Stewart's	NTSC (NA)		No	No	No	
NES/FC	Super Pitfall	NTSC (NA)		No	No	No	
NES/FC	Super Spike V'Ball	NTSC (NA)		No	No	No	
NES/FC	Super Spike V'Ball / World Cup Soccer	NTSC (NA)		No	No	No	
NES/FC	Super Sprint	NTSC (NA)		No	No	No	
NES/FC	Super Spy Hunter	NTSC (NA)		No	No	No	
NES/FC	Super Team Games	NTSC (NA)		No	No	No	
NES/FC	Superman	NTSC (NA)		No	No	No	
NES/FC	Swamp Thing	NTSC (NA)		No	No	No	
NES/FC	Sword Master	NTSC (NA)		No	No	No	
NES/FC	Swords and Serpents	NTSC (NA)		No	No	No	
NES/FC	T & C II: Thrilla's Surfari	NTSC (NA)		No	No	No	
NES/FC	T & C Surf Designs	NTSC (NA)		No	No	No	
NES/FC	T2 Terminator 2: Judgment Day	NTSC (NA)		No	No	No	
NES/FC	Taboo - The Sixth Sense	NTSC (NA)		No	No	No	
NES/FC	Tag Team Wrestling	NTSC (NA)		No	No	No	
NES/FC	Tagin' Dragon	NTSC (NA)		No	No	No	
NES/FC	Talespin	NTSC (NA)		No	No	No	
NES/FC	Target: Renegade	NTSC (NA)		No	No	No	
NES/FC	Tecmo Baseball	NTSC (NA)		No	No	No	
NES/FC	Tecmo Bowl	NTSC (NA)		No	No	No	
NES/FC	Tecmo Cup: Soccer Game	NTSC (NA)		No	No	No	
NES/FC	Tecmo NBA Basketball	NTSC (NA)		No	No	No	
NES/FC	Tecmo Super Bowl	NTSC (NA)		No	No	No	
NES/FC	Tecmo World Wrestling	NTSC (NA)		No	No	No	
NES/FC	Teenage Mutant Ninja Turtles	NTSC (NA)		No	No	No	
NES/FC	Teenage Mutant Ninja Turtles - Tournament Fighters	NTSC (NA)		No	No	No	
NES/FC	Teenage Mutant Ninja Turtles II - The Arcade Game	NTSC (NA)		No	No	No	
NES/FC	Teenage Mutant Ninja Turtles III - The Manhattan Project	NTSC (NA)		No	No	No	
NES/FC	Tennis	NTSC (NA)		No	No	No	
NES/FC	Terminator	NTSC (NA)		No	No	No	
NES/FC	Terra Cresta	NTSC (NA)		No	No	No	
NES/FC	Tetris	NTSC (NA)		No	No	No	
NES/FC	Tetris	NTSC (NA)		No	No	No	
NES/FC	Tetris 2	NTSC (NA)		No	No	No	
NES/FC	Three Stooges, The	NTSC (NA)		No	No	No	
NES/FC	Thunder and Lightning	NTSC (NA)		No	No	No	
NES/FC	Thunderbirds	NTSC (NA)		No	No	No	
NES/FC	Thundercade	NTSC (NA)		No	No	No	
NES/FC	Tiger-Heli	NTSC (NA)		No	No	No	
NES/FC	Tiles of Fate	NTSC (NA)		No	No	No	
NES/FC	Time Lord	NTSC (NA)		No	No	No	
NES/FC	Times of Lore	NTSC (NA)		No	No	No	
NES/FC	Tiny Toon Adventures	NTSC (NA)		No	No	No	
NES/FC	Tiny Toon Adventures 2 - Trouble in Wackyland	NTSC (NA)		No	No	No	
NES/FC	Tiny Toon Cartoon Workshop	NTSC (NA)		No	No	No	
NES/FC	To The Earth	NTSC (NA)		No	No	No	
NES/FC	Toki	NTSC (NA)		No	No	No	
NES/FC	Tom & Jerry - The Ultimate Game of Cat and Mouse!	NTSC (NA)		No	No	No	
NES/FC	Tombs & Treasure	NTSC (NA)		No	No	No	
NES/FC	Toobin'	NTSC (NA)		No	No	No	
NES/FC	Top Gun	NTSC (NA)		No	No	No	
NES/FC	Top Gun - The Second Mission	NTSC (NA)		No	No	No	
NES/FC	Top Players' Tennis, Chris Evert & Ivan Lendl in	NTSC (NA)		No	No	No	
NES/FC	Total Recall	NTSC (NA)		No	No	No	
NES/FC	Totally Rad	NTSC (NA)		No	No	No	
NES/FC	Touchdown Fever	NTSC (NA)		No	No	No	
NES/FC	Toxic Crusaders	NTSC (NA)		No	No	No	
NES/FC	Track & Field	NTSC (NA)		No	No	No	
NES/FC	Track & Field II	NTSC (NA)		No	No	No	
NES/FC	Treasure Master	NTSC (NA)		No	No	No	
NES/FC	Trog!	NTSC (NA)		No	No	No	
NES/FC	Trojan	NTSC (NA)		No	No	No	
NES/FC	Trolls on Treasure Island	NTSC (NA)		No	No	No	
NES/FC	Twin Cobra	NTSC (NA)		No	No	No	
NES/FC	Twin Eagle	NTSC (NA)		No	No	No	
NES/FC	Ultima: Exodus	NTSC (NA)		No	No	No	
NES/FC	Ultima: Quest of the Avatar	NTSC (NA)		No	No	No	
NES/FC	Ultima: Warriors of Destiny	NTSC (NA)		No	No	No	
NES/FC	Ultimate Air Combat	NTSC (NA)		No	No	No	
NES/FC	Ultimate Basketball	NTSC (NA)		No	No	No	
NES/FC	Ultimate League Soccer	NTSC (NA)		No	No	No	
NES/FC	Ultimate Stuntman, The	NTSC (NA)		No	No	No	
NES/FC	Uncharted Waters	NTSC (NA)		No	No	No	
NES/FC	Uninvited	NTSC (NA)		No	No	No	
NES/FC	Untouchables, The	NTSC (NA)		No	No	No	
NES/FC	Urban Champion	NTSC (NA)		No	No	No	
NES/FC	Vegas Dream	NTSC (NA)		No	No	No	
NES/FC	Venice Beach Volleyball	NTSC (NA)		No	No	No	
NES/FC	Vice: Project Doom	NTSC (NA)		No	No	No	
NES/FC	Videomation	NTSC (NA)		No	No	No	
NES/FC	Vindicators	NTSC (NA)		No	No	No	
NES/FC	Volleyball	NTSC (NA)		No	No	No	
NES/FC	Wacky Races	NTSC (NA)		No	No	No	
NES/FC	Wall Street Kid	NTSC (NA)		No	No	No	
NES/FC	Wally Bear and the No! Gang	NTSC (NA)		No	No	No	
NES/FC	Wario's Woods	NTSC (NA)		No	No	No	
NES/FC	Wayne Gretzky Hockey	NTSC (NA)		No	No	No	
NES/FC	Wayne's World	NTSC (NA)		No	No	No	
NES/FC	WCW: World Championship Wrestling	NTSC (NA)		No	No	No	
NES/FC	Werewolf - The Last Warrior	NTSC (NA)		No	No	No	
NES/FC	Wheel of Fortune	NTSC (NA)		No	No	No	
NES/FC	Wheel of Fortune Featuring Vanna White	NTSC (NA)		No	No	No	
NES/FC	Wheel of Fortune: Family Edition	NTSC (NA)		No	No	No	
NES/FC	Wheel of Fortune: Junior Edition	NTSC (NA)		No	No	No	
NES/FC	Where in Time Is Carmen Sandiego?	NTSC (NA)		No	No	No	
NES/FC	Where's Waldo?	NTSC (NA)		No	No	No	
NES/FC	Who Framed Roger Rabbit?	NTSC (NA)		No	No	No	
NES/FC	Whomp 'Em	NTSC (NA)		No	No	No	
NES/FC	Widget	NTSC (NA)		No	No	No	
NES/FC	Wild Gunman	NTSC (NA)		No	No	No	
NES/FC	Willow	NTSC (NA)		No	No	No	
NES/FC	Win, Lose or Draw	NTSC (NA)		No	No	No	
NES/FC	Winter Games	NTSC (NA)		No	No	No	
NES/FC	Wizardry Master Series II: Knight of Diamonds	NTSC (NA)		No	No	No	
NES/FC	Wizardry Master Series: The Proving Grounds of the Mad Overlord	NTSC (NA)		No	No	No	
NES/FC	Wizards & Warriors	NTSC (NA)		No	No	No	
NES/FC	Wizards & Warriors III, Kuros?Visions of Power	NTSC (NA)		No	No	No	
NES/FC	Wolverine	NTSC (NA)		No	No	No	
NES/FC	World Champ	NTSC (NA)		No	No	No	
NES/FC	World Championship Racing, Nigel Mansell's	NTSC (NA)		No	No	No	
NES/FC	World Class Track Meet	NTSC (NA)		No	No	No	
NES/FC	World Cup, Nintendo	NTSC (NA)		No	No	No	
NES/FC	World Games	NTSC (NA)		No	No	No	
NES/FC	Wrath of the Black Manta	NTSC (NA)		No	No	No	
NES/FC	Wrecking Crew	NTSC (NA)		No	No	No	
NES/FC	Wurm: Journey to the Center of the Earth	NTSC (NA)		No	No	No	
NES/FC	WWF King of the Ring	NTSC (NA)		No	No	No	
NES/FC	WWF WrestleMania	NTSC (NA)		No	No	No	
NES/FC	WWF WrestleMania Challenge	NTSC (NA)		No	No	No	
NES/FC	WWF Wrestlemania Steel Cage Challenge	NTSC (NA)		No	No	No	
NES/FC	Xenophobe	NTSC (NA)		No	No	No	
NES/FC	Xevious - The Avenger	NTSC (NA)		No	No	No	
NES/FC	Xexyz	NTSC (NA)		No	No	No	
NES/FC	Yo! Noid	NTSC (NA)		No	No	No	
NES/FC	Yoshi	NTSC (NA)		No	No	No	
NES/FC	Yoshi's Cookie	NTSC (NA)		No	No	No	
NES/FC	Young Indiana Jones Chronicles, The	NTSC (NA)		No	No	No	
NES/FC	Zanac	NTSC (NA)		No	No	No	
NES/FC	Zelda II - The Adventure of Link	NTSC (NA)		No	No	No	
