Platform	Name	Region	Code	Game	Box	Manual	Year	Comment
Nintendo Entertainment System	$1,000,000 Kid: Maboroshi no Teiou Hen	Japan		Yes	No	No	1989	
Nintendo Entertainment System	'89 Dennou Kyuusei Uranai	Japan		Yes	No	No	1988	
Nintendo Entertainment System	10-Yard Fight	Japan		Yes	No	No	1985	
Nintendo Entertainment System	1942	Japan		Yes	No	No	1985	
Nintendo Entertainment System	1943: The Battle of Valhalla	Japan		No	No	No	1988	
Nintendo Entertainment System	1999 Hore, Mitakotoka! Seikimatsu	Japan		No	No	No	1992	
Nintendo Entertainment System	2010: Street Fighter	Japan		No	No	No	1990	
Nintendo Entertainment System	4 Nin uchi Mahjong	Japan		No	No	No	1984	
Nintendo Entertainment System	8 Eye's	Japan		No	No	No	1988	
Nintendo Entertainment System	A-Ressha de Ikou	Japan		No	No	No	1991	
Nintendo Entertainment System	Aa Yakyuu Jinsei Icchokusen	Japan		No	No	No	1992	
Nintendo Entertainment System	Abadox	Japan		No	No	No	1989	
Nintendo Entertainment System	Abarenbou Tengu	Japan		No	No	No	1990	
Nintendo Entertainment System	Aces: Iron Eagle III	Japan		No	No	No	1992	
Nintendo Entertainment System	Advanced Dungeons & Dragons: Dragons of Flame	Japan		No	No	No	1992	
Nintendo Entertainment System	Advanced Dungeons & Dragons: Heroes of the Lance	Japan		No	No	No	1991	
Nintendo Entertainment System	Advanced Dungeons & Dragons: Hillsfar	Japan		No	No	No	1991	
Nintendo Entertainment System	Advanced Dungeons & Dragons: Pool of Radiance	Japan		No	No	No	1991	
Nintendo Entertainment System	Adventures of Lolo	Japan		No	No	No	1990	
Nintendo Entertainment System	Adventures of Lolo II	Japan		No	No	No	1990	
Nintendo Entertainment System	After Burner II	Japan		No	No	No	1989	
Nintendo Entertainment System	Ai Sensei no Oshiete: Watashi no Hoshi	Japan		No	No	No	1993	
Nintendo Entertainment System	Aigiina no Yogen: Balubalouk no Densetsu Yori	Japan		No	No	No	1986	
Nintendo Entertainment System	Aigina no Yogen: Balubalouk no Densetsu Yori	Japan		No	No	No	1986	
Nintendo Entertainment System	Air Fortress	Japan		No	No	No	1987	
Nintendo Entertainment System	Airwolf	Japan		No	No	No	1988	
Nintendo Entertainment System	Akagawa Jirou no Yuurei Ressha	Japan		No	No	No	1991	
Nintendo Entertainment System	Akira	Japan		No	No	No	1988	
Nintendo Entertainment System	Akuma no Shoutaijou	Japan		No	No	No	1989	
Nintendo Entertainment System	Akuma-kun: Makai no Wana	Japan		No	No	No	1990	
Nintendo Entertainment System	Akumajou Densetsu	Japan		No	No	No	1989	
Nintendo Entertainment System	Akumajou Dracula	Japan		No	No	No	1993	
Nintendo Entertainment System	Akumajou Special: Boku Dracula-kun	Japan		No	No	No	1990	
Nintendo Entertainment System	Alien Syndrome	Japan		No	No	No	1988	
Nintendo Entertainment System	America Daitouryou Senkyo: United State Presidental Race	Japan		No	No	No	1988	
Nintendo Entertainment System	America Daitouryou Senkyo: United State Presidential Race	Japan		No	No	No	1988	
Nintendo Entertainment System	America Oudan Ultra Quiz: Shijou Saidai no Tatakai	Japan		No	No	No	1991	
Nintendo Entertainment System	American Dream	Japan		No	No	No	1989	
Nintendo Entertainment System	American Football: Touch Down Fever	Japan		No	No	No	1988	
Nintendo Entertainment System	Ankoku Shinwa: Yamato Takeru Densetsu	Japan		No	No	No	1989	
Nintendo Entertainment System	Aoki Ookami to Shiroki Mejika: Genchou Hishi	Japan		No	No	No	1993	
Nintendo Entertainment System	Aoki Ookami to Shiroki Mejika: Genghis Khan	Japan		No	No	No	1989	
Nintendo Entertainment System	Arabian Dream Scheherazade	Japan		No	No	No	1987	
Nintendo Entertainment System	Arctic	Japan		No	No	No	1990	
Nintendo Entertainment System	Argos no Senshi: Hachamecha Daishingeki	Japan		No	No	No	1987	
Nintendo Entertainment System	Argus	Japan		No	No	No	1986	
Nintendo Entertainment System	Arkanoid	Japan		No	No	No	1986	
Nintendo Entertainment System	Arkanoid II	Japan		No	No	No	1988	
Nintendo Entertainment System	Armadillo	Japan		No	No	No	1991	
Nintendo Entertainment System	Artelius	Japan		No	No	No	1987	
Nintendo Entertainment System	Asmik-Kun Land	Japan		No	No	No	1991	
Nintendo Entertainment System	ASO: Armored Scrum Object	Japan		No	No	No	1986	
Nintendo Entertainment System	Astro Fang: Super Machine	Japan		No	No	No	1990	
Nintendo Entertainment System	Astro Robo Sasa	Japan		No	No	No	1985	
Nintendo Entertainment System	Athena	Japan		No	No	No	1987	
Nintendo Entertainment System	Atlantis no Nazo	Japan		No	No	No	1986	
Nintendo Entertainment System	Attack Animal Gakuen	Japan		No	No	No	1987	
Nintendo Entertainment System	B-Wings	Japan		No	No	No	1986	
Nintendo Entertainment System	Babel no Tou	Japan		No	No	No	1986	
Nintendo Entertainment System	Baken Hisshou Gaku: Gate In	Japan		No	No	No	1990	
Nintendo Entertainment System	Bakushou! Star Monomane Shitenou	Japan		No	No	No	1990	
Nintendo Entertainment System	Bakushou!! Jinsei Gekijou	Japan		No	No	No	1989	
Nintendo Entertainment System	Bakushou!! Jinsei Gekijou 2	Japan		No	No	No	1991	
Nintendo Entertainment System	Bakushou!! Jinsei Gekijou 3	Japan		No	No	No	1991	
Nintendo Entertainment System	Bakushou: Ai no Gekijou	Japan		No	No	No	1990	
Nintendo Entertainment System	Ballblazer	Japan		No	No	No	1988	
Nintendo Entertainment System	Balloon Fight	Japan		No	No	No	1985	
Nintendo Entertainment System	Baltron	Japan		No	No	No	1986	
Nintendo Entertainment System	Banana	Japan		No	No	No	1986	
Nintendo Entertainment System	Bananan Ouji no Daibouken	Japan		No	No	No	1991	
Nintendo Entertainment System	Barcode World	Japan		No	No	No	1992	
Nintendo Entertainment System	Bard's Tale II: The Destiny Knight, The	Japan		No	No	No	1992	
Nintendo Entertainment System	Bard's Tale, The	Japan		No	No	No	1990	
Nintendo Entertainment System	Baseball	Japan		No	No	No	1983	
Nintendo Entertainment System	Baseball Fighter	Japan		No	No	No	1991	
Nintendo Entertainment System	Baseball Star: Mezase Sankanou	Japan		No	No	No	1989	
Nintendo Entertainment System	Batman	Japan		No	No	No	1989	
Nintendo Entertainment System	Bats & Terry	Japan		No	No	No	1987	
Nintendo Entertainment System	Battle Baseball	Japan		No	No	No	1993	
Nintendo Entertainment System	Battle City	Japan		No	No	No	1985	
Nintendo Entertainment System	Battle Fleet	Japan		No	No	No	1990	
Nintendo Entertainment System	Battle Formula	Japan		No	No	No	1991	
Nintendo Entertainment System	Battle Rush: Build Up Robot Tournament	Japan		No	No	No	1993	
Nintendo Entertainment System	Battle Stadium: Senbatsu Pro Yakyuu	Japan		No	No	No	1990	
Nintendo Entertainment System	Battle Storm	Japan		No	No	No	1991	
Nintendo Entertainment System	Battletoads	Japan		No	No	No	1991	
Nintendo Entertainment System	Be-Bop High School: Koukousei Gokuraku Densetsu	Japan		No	No	No	1988	
Nintendo Entertainment System	Best Keiba Derby Stallion	Japan		No	No	No	1991	
Nintendo Entertainment System	Best Play Pro Yakyuu	Japan		No	No	No	1988	
Nintendo Entertainment System	Best Play Pro Yakyuu '90	Japan		No	No	No	1990	
Nintendo Entertainment System	Best Play Pro Yakyuu II	Japan		No	No	No	1990	
Nintendo Entertainment System	Best Play Pro Yakyuu Special	Japan		No	No	No	1992	
Nintendo Entertainment System	Bikkuri Nekketsu Shin Kiroku! Harukanaru Kin Medal	Japan		No	No	No	1992	
Nintendo Entertainment System	Bikkuriman World: Gekitou Sei Senshi	Japan		No	No	No	1990	
Nintendo Entertainment System	Binary Land	Japan		No	No	No	1985	
Nintendo Entertainment System	Bio Senshi Dan: Increaser tono Tatakai	Japan		No	No	No	1987	
Nintendo Entertainment System	Bio-Miracle Bokutte Upa	Japan		No	No	No	1993	
Nintendo Entertainment System	Bird Week	Japan		No	No	No	1986	
Nintendo Entertainment System	Black Bass II, The	Japan		No	No	No	1988	
Nintendo Entertainment System	Black Bass, The	Japan		No	No	No	1987	
Nintendo Entertainment System	Blodia Land: Puzzle Quest	Japan		No	No	No	1990	
Nintendo Entertainment System	Bloody Warriors: Shango no Gyakushuu	Japan		No	No	No	1990	
Nintendo Entertainment System	Blue Marlin, The	Japan		No	No	No	1991	
Nintendo Entertainment System	Bokosuka Wars	Japan		No	No	No	1985	
Nintendo Entertainment System	Bomber King	Japan		No	No	No	1987	
Nintendo Entertainment System	Bomberman	Japan		No	No	No	1985	
Nintendo Entertainment System	Bomberman II	Japan		No	No	No	1991	
Nintendo Entertainment System	Booby Kids	Japan		No	No	No	1987	
Nintendo Entertainment System	Boulder Dash	Japan		No	No	No	1990	
Nintendo Entertainment System	Bubble Bobble 2	Japan		No	No	No	1993	
Nintendo Entertainment System	Bucky O'Hare	Japan		No	No	No	1992	
Nintendo Entertainment System	Buggy Popper	Japan		No	No	No	1986	
Nintendo Entertainment System	Burai Fighter	Japan		No	No	No	1990	
Nintendo Entertainment System	BurgerTime	Japan		No	No	No	1985	
Nintendo Entertainment System	Business Wars	Japan		No	No	No	1992	
Nintendo Entertainment System	Cadillac	Japan		No	No	No	1990	
Nintendo Entertainment System	Capcom Barcelona '92	Japan		No	No	No	1992	
Nintendo Entertainment System	Captain Ed	Japan		No	No	No	1989	
Nintendo Entertainment System	Captain Saver	Japan		No	No	No	1992	
Nintendo Entertainment System	Captain Silver	Japan		No	No	No	1988	
Nintendo Entertainment System	Captain Tsubasa	Japan		No	No	No	1988	
Nintendo Entertainment System	Captain Tsubasa II: Super Striker	Japan		No	No	No	1990	
Nintendo Entertainment System	Casino Derby & Super Bingo	Japan		No	No	No	1993	
Nintendo Entertainment System	Castle Excellent	Japan		No	No	No	1986	
Nintendo Entertainment System	Castle Quest	Japan		No	No	No	1990	
Nintendo Entertainment System	Chack'n Pop	Japan		No	No	No	1985	
Nintendo Entertainment System	Challenger	Japan		No	No	No	1985	
Nintendo Entertainment System	Championship Bowling	Japan		No	No	No	1991	
Nintendo Entertainment System	Championship Lode Runner	Japan		No	No	No	1985	
Nintendo Entertainment System	Chaos World	Japan		No	No	No	1991	
Nintendo Entertainment System	Chase H.Q.	Japan		No	No	No	1989	
Nintendo Entertainment System	Chester Field: Ankoku Shin e no Chousen	Japan		No	No	No	1987	
Nintendo Entertainment System	Chibi Maruko-Chan: Uki Uki Shopping	Japan		No	No	No	1991	
Nintendo Entertainment System	Chiisana Obake: Acchi Socchi Kocchi	Japan		No	No	No	1992	
Nintendo Entertainment System	Chiki Chiki Machine Mou Race	Japan		No	No	No	1991	
Nintendo Entertainment System	Chip to Dale no Daisakusen	Japan		No	No	No	1990	
Nintendo Entertainment System	Chitei Senkou Bazolder	Japan		No	No	No	1991	
Nintendo Entertainment System	Chiyonofuji no Ooichou	Japan		No	No	No	1990	
Nintendo Entertainment System	Choplifter	Japan		No	No	No	1986	
Nintendo Entertainment System	Chou-Wakusei Senki MetaFight	Japan		No	No	No	1988	
Nintendo Entertainment System	Choujikuu Yousai Macross	Japan		No	No	No	1985	
Nintendo Entertainment System	Choujin Sentai Jetman	Japan		No	No	No	1991	
Nintendo Entertainment System	Choujin Ultra Baseball	Japan		No	No	No	1989	
Nintendo Entertainment System	Choujinrou Senki Warwolf	Japan		No	No	No	1991	
Nintendo Entertainment System	Chuka Taisen	Japan		No	No	No	1989	
Nintendo Entertainment System	Chuugoku Janshi Story: Tonpuu	Japan		No	No	No	1989	
Nintendo Entertainment System	Chuugoku Senseijutsu	Japan		No	No	No	1988	
Nintendo Entertainment System	Circus Charlie	Japan		No	No	No	1986	
Nintendo Entertainment System	City Adventure Touch: Mystery of Triangle	Japan		No	No	No	1987	
Nintendo Entertainment System	City Connection	Japan		No	No	No	1985	
Nintendo Entertainment System	Clu Clu Land	Japan		No	No	No	1984	
Nintendo Entertainment System	Cobra Command	Japan		No	No	No	1988	
Nintendo Entertainment System	Cocoron	Japan		No	No	No	1991	
Nintendo Entertainment System	Columbus: Ougon no Yoake	Japan		No	No	No	1992	
Nintendo Entertainment System	Conflict	Japan		No	No	No	1989	
Nintendo Entertainment System	Contra	Japan		No	No	No	1988	
Nintendo Entertainment System	Cosmic Epsilon	Japan		No	No	No	1989	
Nintendo Entertainment System	Cosmic Wars	Japan		No	No	No	1989	
Nintendo Entertainment System	Cosmo Genesis	Japan		No	No	No	1986	
Nintendo Entertainment System	Cosmo Police Galivan	Japan		No	No	No	1988	
Nintendo Entertainment System	Crayon Shin-Chan: Ora to Poi Poi	Japan		No	No	No	1993	
Nintendo Entertainment System	Crazy Climber	Japan		No	No	No	1986	
Nintendo Entertainment System	Crisis Force	Japan		No	No	No	1991	
Nintendo Entertainment System	CrossFire	Japan		No	No	No	1990	
Nintendo Entertainment System	Cycle Race: Road Man	Japan		No	No	No	1988	
Nintendo Entertainment System	Dai Meiro: Meikyu no Tatsujin	Japan		No	No	No	1990	
Nintendo Entertainment System	Dai-2-Ji Super Robot Taisen	Japan		No	No	No	1991	
Nintendo Entertainment System	Daikaijyu Deburasu	Japan		No	No	No	1990	
Nintendo Entertainment System	Daikoukai Jidai	Japan		No	No	No	1991	
Nintendo Entertainment System	Daiku no Gen-San	Japan		No	No	No	1991	
Nintendo Entertainment System	Daiku no Gen-San 2: Akage no Dan no Gyakushuu	Japan		No	No	No	1993	
Nintendo Entertainment System	Daisenryaku	Japan		No	No	No	1988	
Nintendo Entertainment System	Daiva Story 6: Imperial of Nirsartia	Japan		No	No	No	1986	
Nintendo Entertainment System	Dark Lord	Japan		No	No	No	1991	
Nintendo Entertainment System	Dash Yarou	Japan		No	No	No	1990	
Nintendo Entertainment System	Datsugoku: Prisoners of War	Japan		No	No	No	1989	
Nintendo Entertainment System	De-Block	Japan		No	No	No	1991	
Nintendo Entertainment System	Dead Fox	Japan		No	No	No	1990	
Nintendo Entertainment System	Deep Dungeon III: Yuushi e no Tabi	Japan		No	No	No	1988	
Nintendo Entertainment System	Deep Dungeon IV: Kuro no Youjutsushi	Japan		No	No	No	1990	
Nintendo Entertainment System	Deja Vu: Akumu wa Hotouni Yatte Raita	Japan		No	No	No	1988	
Nintendo Entertainment System	Dengeki Big Bang!	Japan		No	No	No	1989	
Nintendo Entertainment System	Densetsu no Kishi Elrond	Japan		No	No	No	1988	
Nintendo Entertainment System	Derby Stallion Zengokuban	Japan		No	No	No	1992	
Nintendo Entertainment System	Devil Man	Japan		No	No	No	1989	
Nintendo Entertainment System	Devil World	Japan		No	No	No	1984	
Nintendo Entertainment System	Dezaemon	Japan		No	No	No	1991	
Nintendo Entertainment System	Die Hard	Japan		No	No	No	1991	
Nintendo Entertainment System	Dig Dug	Japan		No	No	No	1985	
Nintendo Entertainment System	Dig Dug II	Japan		No	No	No	1986	
Nintendo Entertainment System	Digital Devil Monogatari: Megami Tensei	Japan		No	No	No	1987	
Nintendo Entertainment System	Digital Devil Monogatari: Megami Tensei II	Japan		No	No	No	1990	
Nintendo Entertainment System	Disney's Chip to Dale no Daisakusen 2	Japan		No	No	No	1993	
Nintendo Entertainment System	Disney's DuckTales 2	Japan		No	No	No	1993	
Nintendo Entertainment System	Doki! Doki! Yuuenchi: Crazy Land Daisakusen	Japan		No	No	No	1991	
Nintendo Entertainment System	Dokuganryu Masamune	Japan		No	No	No	1988	
Nintendo Entertainment System	Don Doko Don	Japan		No	No	No	1990	
Nintendo Entertainment System	Don Doko Don 2	Japan		No	No	No	1992	
Nintendo Entertainment System	Donald Duck	Japan		No	No	No	1988	
Nintendo Entertainment System	Donald Land	Japan		No	No	No	1988	
Nintendo Entertainment System	Donkey Kong	Japan		No	No	No	1983	
Nintendo Entertainment System	Donkey Kong 3	Japan		No	No	No	1984	
Nintendo Entertainment System	Donkey Kong Jr.	Japan		No	No	No	1983	
Nintendo Entertainment System	Donkey Kong Jr. no Sansuu Asobi	Japan		No	No	No	1983	
Nintendo Entertainment System	Door Door	Japan		No	No	No	1985	
Nintendo Entertainment System	Doraemon	Japan		No	No	No	1986	
Nintendo Entertainment System	Doraemon: Giga Zombie no Gyakushuu	Japan		No	No	No	1990	
Nintendo Entertainment System	Double Dragon	Japan		No	No	No	1988	
Nintendo Entertainment System	Double Dragon II: The Revenge	Japan		No	No	No	1989	
Nintendo Entertainment System	Double Dragon III: The Rosetta Stone	Japan		No	No	No	1991	
Nintendo Entertainment System	Double Moon Densetsu	Japan		No	No	No	1992	
Nintendo Entertainment System	Dough Boy	Japan		No	No	No	1985	
Nintendo Entertainment System	Downtown Nekketsu Koushinkyoku: Soreyuke Daiundoukai	Japan		No	No	No	1990	
Nintendo Entertainment System	Downtown Nekketsu Monogatari	Japan		No	No	No	1989	
Nintendo Entertainment System	Downtown Special: Kunio-kun no Jidaigeki Dayo Zenin Shuugou!	Japan		No	No	No	1991	
Nintendo Entertainment System	Dr. Mario	Japan		No	No	No	1990	
Nintendo Entertainment System	Dragon Ball 3: Gokuuden	Japan		No	No	No	1989	
Nintendo Entertainment System	Dragon Ball Z Gaiden: Saiya-jin Zetsumetsu Keikaku	Japan		No	No	No	1993	
Nintendo Entertainment System	Dragon Ball Z II: Gekigami Freeza!!	Japan		No	No	No	1991	
Nintendo Entertainment System	Dragon Ball Z III: Ressen Jinzou Ningen	Japan		No	No	No	1992	
Nintendo Entertainment System	Dragon Ball Z: Gekitou Tenkaichi Budokai	Japan		No	No	No	1992	
Nintendo Entertainment System	Dragon Ball Z: Kyoushuu! Saiyajin	Japan		No	No	No	1990	
Nintendo Entertainment System	Dragon Ball: Daimaou Fukkatsu	Japan		No	No	No	1988	
Nintendo Entertainment System	Dragon Ball: Shenron no Nazo	Japan		No	No	No	1986	
Nintendo Entertainment System	Dragon Buster	Japan		No	No	No	1987	
Nintendo Entertainment System	Dragon Buster II: Yami no Fuuin	Japan		No	No	No	1989	
Nintendo Entertainment System	Dragon Fighter	Japan		No	No	No	1990	
Nintendo Entertainment System	Dragon Ninja	Japan		No	No	No	1989	
Nintendo Entertainment System	Dragon Quest	Japan		No	No	No	1986	
Nintendo Entertainment System	Dragon Quest II: Akuryou no Kamigami	Japan		No	No	No	1987	
Nintendo Entertainment System	Dragon Quest III: Soshite Densetsu e...	Japan		No	No	No	1988	
Nintendo Entertainment System	Dragon Quest IV: Michibikareshi Monotachi	Japan		No	No	No	1990	
Nintendo Entertainment System	Dragon Scroll: Yomigaerishi Maryuu	Japan		No	No	No	1987	
Nintendo Entertainment System	Dragon Slayer IV: Drasle Family	Japan		No	No	No	1987	
Nintendo Entertainment System	Dragon Spirit: Aratanaru Densetsu	Japan		No	No	No	1989	
Nintendo Entertainment System	Dragon Unit	Japan		No	No	No	1990	
Nintendo Entertainment System	Dragon Wars	Japan		No	No	No	1991	
Nintendo Entertainment System	Dream Master	Japan		No	No	No	1992	
Nintendo Entertainment System	Druaga no Tou	Japan		No	No	No	1985	
Nintendo Entertainment System	Duck Hunt	Japan		No	No	No	1984	
Nintendo Entertainment System	Dungeon & Magic: Swords of Element	Japan		No	No	No	1989	
Nintendo Entertainment System	Dungeon Kid	Japan		No	No	No	1990	
Nintendo Entertainment System	Dynamite Batman	Japan		No	No	No	1991	
Nintendo Entertainment System	Dynamite Bowl	Japan		No	No	No	1987	
Nintendo Entertainment System	Eggerland: Meikyuu no Fukkatsu	Japan		No	No	No	1988	
Nintendo Entertainment System	Egypt	Japan		No	No	No	1991	
Nintendo Entertainment System	Elevator Action	Japan		No	No	No	1985	
Nintendo Entertainment System	Elnark no Zaihou	Japan		No	No	No	1987	
Nintendo Entertainment System	Elysion	Japan		No	No	No	1988	
Nintendo Entertainment System	Emoyan no 10-bai Pro Yakyuu	Japan		No	No	No	1989	
Nintendo Entertainment System	Erika to Satoru no Yume Bouken	Japan		No	No	No	1988	
Nintendo Entertainment System	Esper Boukentai	Japan		No	No	No	1987	
Nintendo Entertainment System	Esper Dream 2: Aratanaru Tatakai	Japan		No	No	No	1992	
Nintendo Entertainment System	Excitebike	Japan		No	No	No	1984	
Nintendo Entertainment System	Exciting Boxing	Japan		No	No	No	1987	
Nintendo Entertainment System	Exciting Rally: World Rally Championship	Japan		No	No	No	1992	
Nintendo Entertainment System	Exed Exes	Japan		No	No	No	1985	
Nintendo Entertainment System	Exerion	Japan		No	No	No	1985	
Nintendo Entertainment System	F-1 Sensation	Japan		No	No	No	1993	
Nintendo Entertainment System	F1 Circus	Japan		No	No	No	1992	
Nintendo Entertainment System	F1 Race	Japan		No	No	No	1984	
Nintendo Entertainment System	Famicom Doubutsu Seitai Zukan! Katte ni Shirokuma: Mori o Sukue no Maki!	Japan		No	No	No	1989	
Nintendo Entertainment System	Famicom Igo Nyuumon	Japan		No	No	No	1991	
Nintendo Entertainment System	Famicom Jump II: Saikyou no 7-nin	Japan		No	No	No	1991	
Nintendo Entertainment System	Famicom Jump: Eiyuu Retsuden	Japan		No	No	No	1989	
Nintendo Entertainment System	Famicom Meijinsen	Japan		No	No	No	1988	
Nintendo Entertainment System	Famicom Shogi: Ryuu-Ou-Sen	Japan		No	No	No	1991	
Nintendo Entertainment System	Famicom Top Management	Japan		No	No	No	1990	
Nintendo Entertainment System	Famicom Wars	Japan		No	No	No	1988	
Nintendo Entertainment System	Famicom Yakyuuban	Japan		No	No	No	1989	
Nintendo Entertainment System	Family Basic	Japan		No	No	No	1984	
Nintendo Entertainment System	Family Basic V3	Japan		No	No	No	1985	
Nintendo Entertainment System	Family Block	Japan		No	No	No	1991	
Nintendo Entertainment System	Family Boxing	Japan		No	No	No	1987	
Nintendo Entertainment System	Family Circuit	Japan		No	No	No	1988	
Nintendo Entertainment System	Family Circuit '91	Japan		No	No	No	1991	
Nintendo Entertainment System	Family Jockey	Japan		No	No	No	1987	
Nintendo Entertainment System	Family Mahjong	Japan		No	No	No	1987	
Nintendo Entertainment System	Family Mahjong II: Shanghai he no Michi	Japan		No	No	No	1988	
Nintendo Entertainment System	Family Pinball	Japan		No	No	No	1989	
Nintendo Entertainment System	Family Quiz: 4-nin wa Rival	Japan		No	No	No	1988	
Nintendo Entertainment System	Family Tennis	Japan		No	No	No	1987	
Nintendo Entertainment System	Family Trainer: Aerobics Studio	Japan		No	No	No	1987	
Nintendo Entertainment System	Family Trainer: Athletic World	Japan		No	No	No	1986	
Nintendo Entertainment System	Family Trainer: Famitre Daiundoukai	Japan		No	No	No	1987	
Nintendo Entertainment System	Family Trainer: Fuuun! Takeshi Jou 2	Japan		No	No	No	1988	
Nintendo Entertainment System	Family Trainer: Jogging Race	Japan		No	No	No	1987	
Nintendo Entertainment System	Family Trainer: Manhattan Police	Japan		No	No	No	1987	
Nintendo Entertainment System	Family Trainer: Meiro Daisakusen	Japan		No	No	No	1987	
Nintendo Entertainment System	Family Trainer: Rai Rai Kyonshis: Baby Kyonshi no Amida Daibouken	Japan		No	No	No	1989	
Nintendo Entertainment System	Family Trainer: Running Stadium	Japan		No	No	No	1986	
Nintendo Entertainment System	Family Trainer: Totsugeki! Fuuun Takeshi Jou	Japan		No	No	No	1987	
Nintendo Entertainment System	Famista '89: Kaimaku Han!!	Japan		No	No	No	1989	
Nintendo Entertainment System	Famista '90	Japan		No	No	No	1989	
Nintendo Entertainment System	Famista '91	Japan		No	No	No	1990	
Nintendo Entertainment System	Famista '92	Japan		No	No	No	1991	
Nintendo Entertainment System	Famista '93	Japan		No	No	No	1992	
Nintendo Entertainment System	Famista '94	Japan		No	No	No	1993	
Nintendo Entertainment System	Fantasy Zone	Japan		No	No	No	1987	
Nintendo Entertainment System	Fantasy Zone II: Opa-Opa no Namida	Japan		No	No	No	1988	
Nintendo Entertainment System	Faria: Fuuin no Tsurugi	Japan		No	No	No	1989	
Nintendo Entertainment System	Faxanadu	Japan		No	No	No	1987	
Nintendo Entertainment System	FC Genjin: Frekthoropus Computerus	Japan		No	No	No	1993	
Nintendo Entertainment System	Ferrari	Japan		No	No	No	1992	
Nintendo Entertainment System	Field Combat	Japan		No	No	No	1985	
Nintendo Entertainment System	Fighting Golf	Japan		No	No	No	1988	
Nintendo Entertainment System	Fighting Road	Japan		No	No	No	1988	
Nintendo Entertainment System	Final Fantasy	Japan		No	No	No	1987	
Nintendo Entertainment System	Final Fantasy I & II	Japan		No	No	No	1994	
Nintendo Entertainment System	Final Fantasy II	Japan		No	No	No	1988	
Nintendo Entertainment System	Final Fantasy III	Japan		No	No	No	1990	
Nintendo Entertainment System	Final Lap	Japan		No	No	No	1988	
Nintendo Entertainment System	Final Mission	Japan		No	No	No	1990	
Nintendo Entertainment System	Fire Emblem Gaiden	Japan		No	No	No	1992	
Nintendo Entertainment System	Fire Emblem: Ankoku Ryu to Hikari no Tsurugi	Japan		No	No	No	1990	
Nintendo Entertainment System	Flappy	Japan		No	No	No	1985	
Nintendo Entertainment System	Fleet Commander	Japan		No	No	No	1988	
Nintendo Entertainment System	Flintstones: The Rescue of Dino & Hoppy, The	Japan		No	No	No	1992	
Nintendo Entertainment System	Flipull: An Exciting Cube Game	Japan		No	No	No	1989	
Nintendo Entertainment System	Flying Hero	Japan		No	No	No	1989	
Nintendo Entertainment System	Formation Z	Japan		No	No	No	1985	
Nintendo Entertainment System	Front Line	Japan		No	No	No	1985	
Nintendo Entertainment System	Fudo Myouoden	Japan		No	No	No	1988	
Nintendo Entertainment System	Fushigi na Blobby: Blobania no Kiki	Japan		No	No	No	1990	
Nintendo Entertainment System	Fushigi no Umi Nadia: The Secret of Blue Water	Japan		No	No	No	1991	
Nintendo Entertainment System	Fuzzical Fighter	Japan		No	No	No	1991	
Nintendo Entertainment System	Galaga	Japan		No	No	No	1985	
Nintendo Entertainment System	Galaxian	Japan		No	No	No	1984	
Nintendo Entertainment System	Gambler Jiko Chuushinha	Japan		No	No	No	1988	
Nintendo Entertainment System	Gambler Jiko Chuushinha 2	Japan		No	No	No	1990	
Nintendo Entertainment System	Game Party	Japan		No	No	No	1990	
Nintendo Entertainment System	Ganbare Goemon 2	Japan		No	No	No	1989	
Nintendo Entertainment System	Ganbare Goemon Gaiden 2: Tenka no Zaihou	Japan		No	No	No	1992	
Nintendo Entertainment System	Ganbare Goemon Gaiden: Kieta Ougon Kiseru	Japan		No	No	No	1990	
Nintendo Entertainment System	Ganbare Goemon! Karakuri Douchuu	Japan		No	No	No	1986	
Nintendo Entertainment System	Ganbare Pennant Race!	Japan		No	No	No	1989	
Nintendo Entertainment System	Ganso Saiyuuki: Super Monkey Daibouken	Japan		No	No	No	1986	
Nintendo Entertainment System	Garfield no Isshukan: A Week of Garfield	Japan		No	No	No	1989	
Nintendo Entertainment System	Gegege no Kitaro: Youkai Daimakyou	Japan		No	No	No	1986	
Nintendo Entertainment System	Gegege no Kitarou 2: Youkai Gundan no Chousen	Japan		No	No	No	1987	
Nintendo Entertainment System	Geimos	Japan		No	No	No	1985	
Nintendo Entertainment System	Gekikame Ninja Den	Japan		No	No	No	1989	
Nintendo Entertainment System	Gekitotsu Yonku Battle	Japan		No	No	No	1989	
Nintendo Entertainment System	Gekitou Pro Wrestling!! Toukon Densetsu	Japan		No	No	No	1989	
Nintendo Entertainment System	Gekitou!! Stadium	Japan		No	No	No	1989	
Nintendo Entertainment System	Genpei Toumaden	Japan		No	No	No	1988	
Nintendo Entertainment System	Getsu Fuuma Den	Japan		No	No	No	1987	
Nintendo Entertainment System	Ghostbusters	Japan		No	No	No	1986	
Nintendo Entertainment System	Gimme a Break: Shijou Saikyou no Quiz Ou Ketteisen	Japan		No	No	No	1991	
Nintendo Entertainment System	Gimme a Break: Shijou Saikyou no Quiz Ou Ketteisen 2	Japan		No	No	No	1992	
Nintendo Entertainment System	Gimmick!	Japan		No	No	No	1992	
Nintendo Entertainment System	Ginga Eiyuu Densetsu	Japan		No	No	No	1988	
Nintendo Entertainment System	Ginga no Sannin	Japan		No	No	No	1987	
Nintendo Entertainment System	Goal!!	Japan		No	No	No	1992	
Nintendo Entertainment System	God Slayer: Haruka Tenkuu no Sonata	Japan		No	No	No	1990	
Nintendo Entertainment System	Godzilla: King of the Monsters	Japan		No	No	No	1988	
Nintendo Entertainment System	Golf	Japan		No	No	No	1984	
Nintendo Entertainment System	Golf '92, The	Japan		No	No	No	1992	
Nintendo Entertainment System	Golf Club: Birdie Rush	Japan		No	No	No	1987	
Nintendo Entertainment System	Golf Grand Slam	Japan		No	No	No	1991	
Nintendo Entertainment System	Golf-kko Open	Japan		No	No	No	1989	
Nintendo Entertainment System	Golgo 13: Dai 1 Shou: Kamigami no Tasogare	Japan		No	No	No	1988	
Nintendo Entertainment System	Golgo 13: Dai 2 Shou: The Riddle of Icarus	Japan		No	No	No	1990	
Nintendo Entertainment System	Gomoku Narabe Renju	Japan		No	No	No	1983	
Nintendo Entertainment System	Goonies II: Fratelli Saigo no Chousen, The	Japan		No	No	No	1987	
Nintendo Entertainment System	Goonies, The	Japan		No	No	No	1986	
Nintendo Entertainment System	Gorby no Pipeline Daisakusen	Japan		No	No	No	1991	
Nintendo Entertainment System	Gorilla Man, The	Japan		No	No	No	1993	
Nintendo Entertainment System	Gozonji: Yaji Kita Chin Douchuu	Japan		No	No	No	1989	
Nintendo Entertainment System	Gradius	Japan		No	No	No	1986	
Nintendo Entertainment System	Gradius II	Japan		No	No	No	1988	
Nintendo Entertainment System	Grand Master	Japan		No	No	No	1991	
Nintendo Entertainment System	Great Battle Cyber	Japan		No	No	No	1992	
Nintendo Entertainment System	Great Boxing: Rush Up	Japan		No	No	No	1990	
Nintendo Entertainment System	Great Deal	Japan		No	No	No	1991	
Nintendo Entertainment System	Great Tank	Japan		No	No	No	1988	
Nintendo Entertainment System	Gremlins 2: Shinshu Tanjou	Japan		No	No	No	1990	
Nintendo Entertainment System	Guardic Gaiden	Japan		No	No	No	1988	
Nintendo Entertainment System	Guevara	Japan		No	No	No	1988	
Nintendo Entertainment System	Gun Nac	Japan		No	No	No	1990	
Nintendo Entertainment System	Gun Sight	Japan		No	No	No	1991	
Nintendo Entertainment System	Gun-Dec	Japan		No	No	No	1991	
Nintendo Entertainment System	GunHed: Aratanaru Tatakai	Japan		No	No	No	1990	
Nintendo Entertainment System	Gyrodine	Japan		No	No	No	1986	
Nintendo Entertainment System	Gyromite	Japan		No	No	No	1985	
Nintendo Entertainment System	Haja no Fuuin	Japan		No	No	No	1987	
Nintendo Entertainment System	Hana no Star Kaidou	Japan		No	No	No	1987	
Nintendo Entertainment System	Hanjuku Hero	Japan		No	No	No	1988	
Nintendo Entertainment System	Happy Birthday Bugs	Japan		No	No	No	1990	
Nintendo Entertainment System	Hatris	Japan		No	No	No	1990	
Nintendo Entertainment System	Hayauchi Super Igo	Japan		No	No	No	1989	
Nintendo Entertainment System	Heavy Barrel	Japan		No	No	No	1990	
Nintendo Entertainment System	Hebereke	Japan		No	No	No	1991	
Nintendo Entertainment System	Hector '87	Japan		No	No	No	1987	
Nintendo Entertainment System	Heisei Tensai Bakabon	Japan		No	No	No	1991	
Nintendo Entertainment System	Hello Kitty no Hanabatake	Japan		No	No	No	1992	
Nintendo Entertainment System	Hello Kitty World	Japan		No	No	No	1992	
Nintendo Entertainment System	Heracles no Eikou II: Titan no Metsubou	Japan		No	No	No	1989	
Nintendo Entertainment System	Hi no Tori: Gaou no Bouken	Japan		No	No	No	1987	
Nintendo Entertainment System	Higemaru Makaijima: Nanatsu no Shima Daibouken	Japan		No	No	No	1987	
Nintendo Entertainment System	Highway Star	Japan		No	No	No	1987	
Nintendo Entertainment System	Hikari no Senshi Photon: The Ultimate Game on Planet Earth	Japan		No	No	No	1987	
Nintendo Entertainment System	Hirake! Ponkikki	Japan		No	No	No	1992	
Nintendo Entertainment System	Hiryu no Ken II: Dragon no Tsubasa	Japan		No	No	No	1988	
Nintendo Entertainment System	Hiryu no Ken III: 5 Nin no Ryuu Senshi	Japan		No	No	No	1990	
Nintendo Entertainment System	Hiryu no Ken Special: Fighting Wars	Japan		No	No	No	1991	
Nintendo Entertainment System	Hiryu no Ken: Ougi no Sho	Japan		No	No	No	1987	
Nintendo Entertainment System	Hissatsu Doujou Yaburi	Japan		No	No	No	1989	
Nintendo Entertainment System	Hissatsu Shigoto Nin	Japan		No	No	No	1990	
Nintendo Entertainment System	Hitler no Fukkatsu: Top Secret	Japan		No	No	No	1988	
Nintendo Entertainment System	Hogan's Alley	Japan		No	No	No	1984	
Nintendo Entertainment System	Hokkaidou Rensa Satsujin: Ohotsuku ni Kiyu	Japan		No	No	No	1987	
Nintendo Entertainment System	Hokuto no Ken	Japan		No	No	No	1986	
Nintendo Entertainment System	Hokuto no Ken 3: Shinseiki Souzou Seiken Retsuden	Japan		No	No	No	1989	
Nintendo Entertainment System	Hokuto no Ken 4: Shichisei Hakenden: Hokuto Shinken no Kanata e	Japan		No	No	No	1991	
Nintendo Entertainment System	Hokuto no Ken II: Seikimatsu Kyuuseishu Densetsu	Japan		No	No	No	1987	
Nintendo Entertainment System	Holy Diver	Japan		No	No	No	1989	
Nintendo Entertainment System	Home Run Night '90: The Pennant League	Japan		No	No	No	1990	
Nintendo Entertainment System	Home Run Nighter: Pennant League!!	Japan		No	No	No	1989	
Nintendo Entertainment System	Hon Shogi: Naitou Kudan Shogi Hiden	Japan		No	No	No	1985	
Nintendo Entertainment System	Honoo no Doukyuuji: Dodge Danpei	Japan		No	No	No	1992	
Nintendo Entertainment System	Honoo no Doukyuuji: Dodge Danpei 2	Japan		No	No	No	1993	
Nintendo Entertainment System	Hook	Japan		No	No	No	1992	
Nintendo Entertainment System	Hoshi no Kirby: Yume no Izumi no Monogatari	Japan		No	No	No	1993	
Nintendo Entertainment System	Hoshi o Miru Hito	Japan		No	No	No	1987	
Nintendo Entertainment System	Hostages: The Embassy Mission	Japan		No	No	No	1989	
Nintendo Entertainment System	Hototogisu	Japan		No	No	No	1988	
Nintendo Entertainment System	Hottaman no Chitei Tanken	Japan		No	No	No	1986	
Nintendo Entertainment System	Hudson Hawk	Japan		No	No	No	1991	
Nintendo Entertainment System	Hyakki Yakou	Japan		No	No	No	1989	
Nintendo Entertainment System	Hyaku no Sekai no Monogatari: The Tales on a Watery Wilderness	Japan		No	No	No	1991	
Nintendo Entertainment System	Hydlide 3: Yami Kara no Houmonsha	Japan		No	No	No	1989	
Nintendo Entertainment System	Hydlide Special	Japan		No	No	No	1986	
Nintendo Entertainment System	Hyokkori Hyoutanjima: Nazo no Kaizokusen	Japan		No	No	No	1992	
Nintendo Entertainment System	Hyper Olympic: Gentai Ban!	Japan		No	No	No	1985	
Nintendo Entertainment System	Hyper Sports	Japan		No	No	No	1985	
Nintendo Entertainment System	I Love Softball	Japan		No	No	No	1989	
Nintendo Entertainment System	Ice Climber	Japan		No	No	No	1985	
Nintendo Entertainment System	Ide Yosuke Meijin no Jissen Mahjong	Japan		No	No	No	1987	
Nintendo Entertainment System	Ide Yosuke Meijin no Jissen Mahjong II	Japan		No	No	No	1991	
Nintendo Entertainment System	Idol Hakkenden	Japan		No	No	No	1989	
Nintendo Entertainment System	Igo Meikan	Japan		No	No	No	1990	
Nintendo Entertainment System	Igo Shinan	Japan		No	No	No	1989	
Nintendo Entertainment System	Igo Shinan '91	Japan		No	No	No	1991	
Nintendo Entertainment System	Igo Shinan '92	Japan		No	No	No	1992	
Nintendo Entertainment System	Igo Shinan '93	Japan		No	No	No	1992	
Nintendo Entertainment System	Igo Shinan '94	Japan		No	No	No	1993	
Nintendo Entertainment System	Igo: Kyuu Roban Taikyoku	Japan		No	No	No	1987	
Nintendo Entertainment System	Ikari	Japan		No	No	No	1986	
Nintendo Entertainment System	Ikari II: Dogosoken	Japan		No	No	No	1988	
Nintendo Entertainment System	Ikari III	Japan		No	No	No	1990	
Nintendo Entertainment System	Ike Ike! Nekketsu Hockey-bu: Subette Koronde Dairantou	Japan		No	No	No	1992	
Nintendo Entertainment System	Ikinari Musician	Japan		No	No	No	1987	
Nintendo Entertainment System	Ikki	Japan		No	No	No	1985	
Nintendo Entertainment System	Image Fight	Japan		No	No	No	1990	
Nintendo Entertainment System	Indora no Hikari	Japan		No	No	No	1987	
Nintendo Entertainment System	Insector X	Japan		No	No	No	1990	
Nintendo Entertainment System	Isaki Shuugorou no Keiba Hisshou Gaku	Japan		No	No	No	1990	
Nintendo Entertainment System	Ishin no Arashi	Japan		No	No	No	1990	
Nintendo Entertainment System	Itadaki Street: Watashi no Oten ni Yottette	Japan		No	No	No	1991	
Nintendo Entertainment System	J.League Fighting Soccer: The King of Ace Strikers	Japan		No	No	No	1993	
Nintendo Entertainment System	J.League Super Top Players	Japan		No	No	No	1994	
Nintendo Entertainment System	J.League Winning Goal	Japan		No	No	No	1994	
Nintendo Entertainment System	Jackie Chan	Japan		No	No	No	1991	
Nintendo Entertainment System	Jajamaru Gekimaden: Maboroshi no Kinmajou	Japan		No	No	No	1990	
Nintendo Entertainment System	Jajamaru Ninpou Chou	Japan		No	No	No	1989	
Nintendo Entertainment System	Jajamaru no Daibouken	Japan		No	No	No	1986	
Nintendo Entertainment System	Jangou	Japan		No	No	No	1990	
Nintendo Entertainment System	Jarin-Ko Chie: Bakudan Musume no Shiawase Sagashi	Japan		No	No	No	1988	
Nintendo Entertainment System	Jekyll Hakase no Houma ga Toki	Japan		No	No	No	1988	
Nintendo Entertainment System	JESUS: Kyoufu no Bio Monster	Japan		No	No	No	1989	
Nintendo Entertainment System	Jetsons: Cogswell's Caper!, The	Japan		No	No	No	1993	
Nintendo Entertainment System	Jigoku Gokuraku Maru	Japan		No	No	No	1990	
Nintendo Entertainment System	Jikuu Yuten: Debias	Japan		No	No	No	1987	
Nintendo Entertainment System	JJ: Tobidase Daisakusen Part II	Japan		No	No	No	1987	
Nintendo Entertainment System	Jongbou	Japan		No	No	No	1987	
Nintendo Entertainment System	Joust	Japan		No	No	No	1987	
Nintendo Entertainment System	Joy Mech Fight	Japan		No	No	No	1993	
Nintendo Entertainment System	JuJu Densetsu	Japan		No	No	No	1991	
Nintendo Entertainment System	Jumbo Ozaki no Hole in One Professional	Japan		No	No	No	1988	
Nintendo Entertainment System	Jumpin' Kid: Jack to Mame no Ki Monogatari	Japan		No	No	No	1990	
Nintendo Entertainment System	Just Breed	Japan		No	No	No	1992	
Nintendo Entertainment System	Juuouki	Japan		No	No	No	1990	
Nintendo Entertainment System	Juuryoku Soukou Metal Storm	Japan		No	No	No	1992	
Nintendo Entertainment System	Juvei Quest	Japan		No	No	No	1991	
Nintendo Entertainment System	Kabushiki Doujou: The Stock Speculation	Japan		No	No	No	1989	
Nintendo Entertainment System	Kaettekita! Gunjin Shogi: Nanya Sore!?	Japan		No	No	No	1989	
Nintendo Entertainment System	Kage no Densetsu	Japan		No	No	No	1986	
Nintendo Entertainment System	Kagerou Densetsu	Japan		No	No	No	1990	
Nintendo Entertainment System	Kaguya Hime Densetsu	Japan		No	No	No	1988	
Nintendo Entertainment System	Kai no Bouken: The Quest of Ki	Japan		No	No	No	1988	
Nintendo Entertainment System	Kaijuu Monogatari	Japan		No	No	No	1988	
Nintendo Entertainment System	Kaiketsu Yancha Maru	Japan		No	No	No	1987	
Nintendo Entertainment System	Kaiketsu Yancha Maru 2: Karakuri Land	Japan		No	No	No	1991	
Nintendo Entertainment System	Kaiketsu Yancha Maru 3: Taiketsu! Zouringen	Japan		No	No	No	1993	
Nintendo Entertainment System	Kakefu Kimi no Jump Tengoku: Speed Jigoku	Japan		No	No	No	1988	
Nintendo Entertainment System	Kame no Ongaeshi: Urashima Densetsu	Japan		No	No	No	1988	
Nintendo Entertainment System	Kamen no Ninja Hanamaru	Japan		No	No	No	1990	
Nintendo Entertainment System	Kamen no Ninja: Akakage	Japan		No	No	No	1988	
Nintendo Entertainment System	Kamen Rider Club: Gekitotsu Shocker Land	Japan		No	No	No	1988	
Nintendo Entertainment System	Kamen Rider SD: GranShocker no Yabou	Japan		No	No	No	1993	
Nintendo Entertainment System	Kanshakudama Nage Kantarou no Toukaidou Gojuusan Tsugi	Japan		No	No	No	1986	
Nintendo Entertainment System	Karakuri Kengoden Musashi Lord: Karakuri Jin Hashiru!	Japan		No	No	No	1991	
Nintendo Entertainment System	Karaoke Studio	Japan		No	No	No	1987	
Nintendo Entertainment System	Karaoke Studio Senyou Cassette Vol. 1	Japan		No	No	No	1987	
Nintendo Entertainment System	Karaoke Studio Senyou Cassette Vol. 2	Japan		No	No	No	1988	
Nintendo Entertainment System	Karateka	Japan		No	No	No	1985	
Nintendo Entertainment System	Karnov	Japan		No	No	No	1987	
Nintendo Entertainment System	Kawa no Nushi Tsuri	Japan		No	No	No	1990	
Nintendo Entertainment System	Keiba Simulation: Honmei	Japan		No	No	No	1989	
Nintendo Entertainment System	Keisan Game: Sansuu 1 Nen	Japan		No	No	No	1986	
Nintendo Entertainment System	Keisan Game: Sansuu 2 Nen	Japan		No	No	No	1986	
Nintendo Entertainment System	Keisan Game: Sansuu 3 Nen	Japan		No	No	No	1986	
Nintendo Entertainment System	Keisan Game: Sansuu 4 Nen	Japan		No	No	No	1986	
Nintendo Entertainment System	Keisan Game: Sansuu 5+6 Nen	Japan		No	No	No	1986	
Nintendo Entertainment System	Kekkyoku Nankyoku Daibouken	Japan		No	No	No	1985	
Nintendo Entertainment System	Kero Kero Keroppi no Daibouken	Japan		No	No	No	1991	
Nintendo Entertainment System	Kero Kero Keroppi no Daibouken 2: Donuts Ike ha Oosawagi!	Japan		No	No	No	1993	
Nintendo Entertainment System	Keroppi to Keroriinu no Splash Bomb!	Japan		No	No	No	1993	
Nintendo Entertainment System	Kidou Senshi Z-Gundam: Hot Scramble	Japan		No	No	No	1986	
Nintendo Entertainment System	King Kong 2: Ikari no Megaton Punch	Japan		No	No	No	1986	
Nintendo Entertainment System	King of Kings	Japan		No	No	No	1988	
Nintendo Entertainment System	King's Knight	Japan		No	No	No	1986	
Nintendo Entertainment System	Kinnikuman: Muscle Tag Match	Japan		No	No	No	1985	
Nintendo Entertainment System	Kiteretsu Daihyakka	Japan		No	No	No	1990	
Nintendo Entertainment System	Klax	Japan		No	No	No	1990	
Nintendo Entertainment System	Knight Rider	Japan		No	No	No	1988	
Nintendo Entertainment System	Konamik Sports in Seoul	Japan		No	No	No	1988	
Nintendo Entertainment System	Koufuku o Yobu Game: Dora Dora Dora	Japan		No	No	No	1991	
Nintendo Entertainment System	Kouryu Densetsu Villgust Gaiden	Japan		No	No	No	1993	
Nintendo Entertainment System	Koushien	Japan		No	No	No	1989	
Nintendo Entertainment System	Kujaku Ou	Japan		No	No	No	1988	
Nintendo Entertainment System	Kujaku Ou II	Japan		No	No	No	1990	
Nintendo Entertainment System	Kunio-Kun no Nekketsu Soccer League	Japan		No	No	No	1993	
Nintendo Entertainment System	Kurogane Hiroshi no Yosou Daisuki! Kachiuma Densetsu	Japan		No	No	No	1990	
Nintendo Entertainment System	Kyatto Ninden Teyandee	Japan		No	No	No	1991	
Nintendo Entertainment System	Kyonshies 2	Japan		No	No	No	1987	
Nintendo Entertainment System	Kyoro-Chan Land	Japan		No	No	No	1992	
Nintendo Entertainment System	Kyouryuu Sentai Zyuranger	Japan		No	No	No	1992	
Nintendo Entertainment System	Kyuukyoku Harikiri Koushien	Japan		No	No	No	1992	
Nintendo Entertainment System	Kyuukyoku Harikiri Stadium	Japan		No	No	No	1988	
Nintendo Entertainment System	Kyuukyoku Harikiri Stadium '88 Senshuu Shin Data Version	Japan		No	No	No	1988	
Nintendo Entertainment System	Kyuukyoku Harikiri Stadium Heisei Gannenhan	Japan		No	No	No	1989	
Nintendo Entertainment System	Kyuukyoku Harikiri Stadium III	Japan		No	No	No	1991	
Nintendo Entertainment System	Kyuukyoku Tiger	Japan		No	No	No	1989	
Nintendo Entertainment System	L'Empereur	Japan		No	No	No	1991	
Nintendo Entertainment System	Labyrinth: Maou no Meikyuu	Japan		No	No	No	1987	
Nintendo Entertainment System	Lagrange Point	Japan		No	No	No	1991	
Nintendo Entertainment System	LaSalle Ishii no Child's Quest	Japan		No	No	No	1989	
Nintendo Entertainment System	Last Armageddon	Japan		No	No	No	1990	
Nintendo Entertainment System	Law of the West	Japan		No	No	No	1987	
Nintendo Entertainment System	Layla	Japan		No	No	No	1986	
Nintendo Entertainment System	Little Magic	Japan		No	No	No	1990	
Nintendo Entertainment System	Little Mermaid: Ningyo Hime	Japan		No	No	No	1991	
Nintendo Entertainment System	Lode Runner	Japan		No	No	No	1984	
Nintendo Entertainment System	Lord of King, The	Japan		No	No	No	1989	
Nintendo Entertainment System	Lost Word of Jenny: Ushinawareta Message	Japan		No	No	No	1987	
Nintendo Entertainment System	Lot Lot	Japan		No	No	No	1985	
Nintendo Entertainment System	Lunar Ball	Japan		No	No	No	1985	
Nintendo Entertainment System	Lupin Sansei: Pandora no Isan	Japan		No	No	No	1987	
Nintendo Entertainment System	Mach Rider	Japan		No	No	No	1985	
Nintendo Entertainment System	Mad City	Japan		No	No	No	1988	
Nintendo Entertainment System	Madoola no Tsubasa: The Wing of Madoola	Japan		No	No	No	1986	
Nintendo Entertainment System	Magic Candle, The	Japan		No	No	No	1992	
Nintendo Entertainment System	Magic Darts	Japan		No	No	No	1991	
Nintendo Entertainment System	Magic John	Japan		No	No	No	1990	
Nintendo Entertainment System	Magical * Taruruuto-kun 2: Mahou Daibouken	Japan		No	No	No	1992	
Nintendo Entertainment System	Magical * Taruruuto-kun: Fantastic World!!	Japan		No	No	No	1991	
Nintendo Entertainment System	Magical Kids Doropie	Japan		No	No	No	1990	
Nintendo Entertainment System	MagMax	Japan		No	No	No	1986	
Nintendo Entertainment System	Magnum Kiki Ippatsu: Empire City 1931	Japan		No	No	No	1987	
Nintendo Entertainment System	MahaRaja	Japan		No	No	No	1989	
Nintendo Entertainment System	Mahjong	Japan		No	No	No	1983	
Nintendo Entertainment System	Mahjong Club Nagatacho: Sousaisen	Japan		No	No	No	1991	
Nintendo Entertainment System	Mahjong G-Men: Nichibutsu Mahjong III	Japan		No	No	No	1990	
Nintendo Entertainment System	Mahjong Taikai	Japan		No	No	No	1989	
Nintendo Entertainment System	Mahjong Taisen	Japan		No	No	No	1992	
Nintendo Entertainment System	Mahou no Princess Minkiimomo Remember Dream	Japan		No	No	No	1992	
Nintendo Entertainment System	Maison Ikkoku	Japan		No	No	No	1988	
Nintendo Entertainment System	Majaventure: Mahjong Senki	Japan		No	No	No	1990	
Nintendo Entertainment System	Majin Eiyuuden Wataru Gaiden	Japan		No	No	No	1990	
Nintendo Entertainment System	Major League	Japan		No	No	No	1989	
Nintendo Entertainment System	Majou Densetsu II: Daimashikyou Galious	Japan		No	No	No	1987	
Nintendo Entertainment System	Makai-Mura	Japan		No	No	No	1986	
Nintendo Entertainment System	Maniac Mansion	Japan		No	No	No	1988	
Nintendo Entertainment System	Mappy	Japan		No	No	No	1984	
Nintendo Entertainment System	Mappy Kids	Japan		No	No	No	1989	
Nintendo Entertainment System	Mappy-Land	Japan		No	No	No	1986	
Nintendo Entertainment System	Mario Bros.	Japan		No	No	No	1983	
Nintendo Entertainment System	Mario Open Golf	Japan		No	No	No	1991	
Nintendo Entertainment System	Marusa no Onna	Japan		No	No	No	1989	
Nintendo Entertainment System	Mashou	Japan		No	No	No	1986	
Nintendo Entertainment System	Masuzoe Youichi: Asa Made Famicom	Japan		No	No	No	1992	
Nintendo Entertainment System	Matendo Douji	Japan		No	No	No	1990	
Nintendo Entertainment System	Matsumoto Toru no Kabushiki Hisshougaku	Japan		No	No	No	1988	
Nintendo Entertainment System	Matsumoto Toru no Kabushiki Hisshougaku II	Japan		No	No	No	1989	
Nintendo Entertainment System	Max Warrior: Wakusei Kaigenrei	Japan		No	No	No	1991	
Nintendo Entertainment System	Meiji Ishin	Japan		No	No	No	1989	
Nintendo Entertainment System	Meikyuu Jima	Japan		No	No	No	1990	
Nintendo Entertainment System	Meikyuu Kumikyoku: Miron no Daibouken	Japan		No	No	No	1986	
Nintendo Entertainment System	Meimon! Daisan Yakyuubu	Japan		No	No	No	1989	
Nintendo Entertainment System	Meimon! Tako Nishiouendan	Japan		No	No	No	1989	
Nintendo Entertainment System	Meitantei Holmes: Kiri no London Satsujin Jiken	Japan		No	No	No	1988	
Nintendo Entertainment System	Meitantei Holmes: M-Kara no Chousenjou	Japan		No	No	No	1989	
Nintendo Entertainment System	Metal Fighter	Japan		No	No	No	1991	
Nintendo Entertainment System	Metal Flame PsyBuster	Japan		No	No	No	1990	
Nintendo Entertainment System	Metal Gear	Japan		No	No	No	1987	
Nintendo Entertainment System	Metal Max	Japan		No	No	No	1991	
Nintendo Entertainment System	Metal Slader Glory	Japan		No	No	No	1991	
Nintendo Entertainment System	Metro-Cross	Japan		No	No	No	1986	
Nintendo Entertainment System	Mezase Pachi Pro: Pachiokun	Japan		No	No	No	1987	
Nintendo Entertainment System	Mezase! Top Pro Green ni Kakeru Yume	Japan		No	No	No	1993	
Nintendo Entertainment System	Mickey Mouse III: Yume Fuusen	Japan		No	No	No	1992	
Nintendo Entertainment System	Mickey Mouse: Fushigi no Kuni do Daibouken	Japan		No	No	No	1987	
Nintendo Entertainment System	Might and Magic Book One: Secret of the Inner Sanctum	Japan		No	No	No	1990	
Nintendo Entertainment System	Mighty Bomb Jack	Japan		No	No	No	1986	
Nintendo Entertainment System	Mighty Final Fight	Japan		No	No	No	1993	
Nintendo Entertainment System	Mike Tyson's Punch-Out!!	Japan		No	No	No	1987	
Nintendo Entertainment System	Millipede: Kyodai Konchuu no Gyakushuu	Japan		No	No	No	1987	
Nintendo Entertainment System	Mindseeker	Japan		No	No	No	1989	
Nintendo Entertainment System	Minelvaton Saga: Ragon no Fukkatsu	Japan		No	No	No	1987	
Nintendo Entertainment System	Mini-Putt	Japan		No	No	No	1991	
Nintendo Entertainment System	Minna no Tabou no Nakayoshi Daisakusen	Japan		No	No	No	1991	
Nintendo Entertainment System	Miracle Ropitt: 2100-Toshi no Daibouken	Japan		No	No	No	1987	
Nintendo Entertainment System	Mirai Senshi: Lios	Japan		No	No	No	1989	
Nintendo Entertainment System	Mirai Shinwa Jarvas	Japan		No	No	No	1987	
Nintendo Entertainment System	Mississippi Satsujin Jiken: Murder on the Mississippi	Japan		No	No	No	1986	
Nintendo Entertainment System	Mito Koumon II: Sekai Manyuu Ki	Japan		No	No	No	1988	
Nintendo Entertainment System	Mitsume ga Tooru	Japan		No	No	No	1992	
Nintendo Entertainment System	Mizushima Shinji no Daikoushien	Japan		No	No	No	1990	
Nintendo Entertainment System	Moai-Kun	Japan		No	No	No	1990	
Nintendo Entertainment System	Moe Pro!! Yakyuu '90: Kandou Hen	Japan		No	No	No	1990	
Nintendo Entertainment System	Moe-Pro! Saikyou Hen	Japan		No	No	No	1991	
Nintendo Entertainment System	Moero TwinBee: Cinnamon Hakase o Sukue!	Japan		No	No	No	1993	
Nintendo Entertainment System	Moero!! Judo Warriors	Japan		No	No	No	1990	
Nintendo Entertainment System	Moero!! Junior Basket: Two on Two	Japan		No	No	No	1988	
Nintendo Entertainment System	Moero!! Pro Soccer	Japan		No	No	No	1988	
Nintendo Entertainment System	Moero!! Pro Tennis	Japan		No	No	No	1988	
Nintendo Entertainment System	Moero!! Pro Yakyuu	Japan		No	No	No	1987	
Nintendo Entertainment System	Moero!! Pro Yakyuu '88: Kettei Ban	Japan		No	No	No	1988	
Nintendo Entertainment System	Moeru! Oniisan	Japan		No	No	No	1989	
Nintendo Entertainment System	Momotarou Densetsu Gaiden	Japan		No	No	No	1993	
Nintendo Entertainment System	Momotarou Densetsu: Peach Boy Legend	Japan		No	No	No	1987	
Nintendo Entertainment System	Momotarou Dentetsu	Japan		No	No	No	1988	
Nintendo Entertainment System	Money Game II: Kabutochou no Kiseki, The	Japan		No	No	No	1989	
Nintendo Entertainment System	Money Game, The	Japan		No	No	No	1988	
Nintendo Entertainment System	Monopoly	Japan		No	No	No	1991	
Nintendo Entertainment System	Monster Maker: 7-tsu no Hihou	Japan		No	No	No	1991	
Nintendo Entertainment System	Moon Crystal	Japan		No	No	No	1992	
Nintendo Entertainment System	Morita Shogi	Japan		No	No	No	1987	
Nintendo Entertainment System	Mother	Japan		No	No	No	1989	
Nintendo Entertainment System	Motocross Champion	Japan		No	No	No	1989	
Nintendo Entertainment System	Mottomo Abunai Deka	Japan		No	No	No	1990	
Nintendo Entertainment System	Moulin Rouge Senki: Melville no Honoo	Japan		No	No	No	1989	
Nintendo Entertainment System	Mouryou Senki Madara	Japan		No	No	No	1990	
Nintendo Entertainment System	Mugen Senshi Valis	Japan		No	No	No	1987	
Nintendo Entertainment System	Murder Club	Japan		No	No	No	1989	
Nintendo Entertainment System	Musashi no Bouken	Japan		No	No	No	1990	
Nintendo Entertainment System	Musashi no Ken: Tadaima Shugyou Chuu	Japan		No	No	No	1986	
Nintendo Entertainment System	My Life My Love: Boku no Yume Watashi no Negai	Japan		No	No	No	1991	
Nintendo Entertainment System	Nagagutsu o Haita Neko: Sekai Isshuu 80 Nichi Dai Bouken	Japan		No	No	No	1986	
Nintendo Entertainment System	Nakajima Satoru: F-1 Hero	Japan		No	No	No	1988	
Nintendo Entertainment System	Nakajima Satoru: F-1 Hero 2	Japan		No	No	No	1991	
Nintendo Entertainment System	Nakayoshi to Issho	Japan		No	No	No	1993	
Nintendo Entertainment System	Namco Classic	Japan		No	No	No	1988	
Nintendo Entertainment System	Namco Classic II	Japan		No	No	No	1992	
Nintendo Entertainment System	Namcot Mahjong III: Mahjong Tengoku	Japan		No	No	No	1991	
Nintendo Entertainment System	Nankoku Shirei!! Spy vs. Spy	Japan		No	No	No	1987	
Nintendo Entertainment System	Nantettatte!! Baseball	Japan		No	No	No	1990	
Nintendo Entertainment System	Nantettatte!! Baseball '91 Kaimaku Hen	Japan		No	No	No	1991	
Nintendo Entertainment System	Nantettatte!! Baseball OB All Star Hen	Japan		No	No	No	1991	
Nintendo Entertainment System	Napoleon Senki	Japan		No	No	No	1988	
Nintendo Entertainment System	Navy Blue	Japan		No	No	No	1992	
Nintendo Entertainment System	Nekketsu Kakutou Densetsu	Japan		No	No	No	1992	
Nintendo Entertainment System	Nekketsu Kouha Kunio-Kun	Japan		No	No	No	1987	
Nintendo Entertainment System	Nekketsu Koukou Dodge Ball Bu	Japan		No	No	No	1988	
Nintendo Entertainment System	Nekketsu Koukou Dodgeball-bu Soccer-hen	Japan		No	No	No	1990	
Nintendo Entertainment System	Nekketsu! Street Basket: Ganbare Dunk Heroes	Japan		No	No	No	1993	
Nintendo Entertainment System	Nemo: Pajama Hero	Japan		No	No	No	1990	
Nintendo Entertainment System	New Ghostbusters II	Japan		No	No	No	1990	
Nintendo Entertainment System	Niji no Silkroad	Japan		No	No	No	1991	
Nintendo Entertainment System	Ninja Cop Saizou	Japan		No	No	No	1989	
Nintendo Entertainment System	Ninja Crusaders	Japan		No	No	No	1990	
Nintendo Entertainment System	Ninja Hattori-kun: Ninja wa Shuugyou de Gozaru no Maki	Japan		No	No	No	1986	
Nintendo Entertainment System	Ninja Jajamaru-kun	Japan		No	No	No	1985	
Nintendo Entertainment System	Ninja Jajamaru: Ginga Daisakusen	Japan		No	No	No	1991	
Nintendo Entertainment System	Ninja Ryuukenden	Japan		No	No	No	1988	
Nintendo Entertainment System	Ninja Ryuukenden II: Ankoku no Jashinken	Japan		No	No	No	1990	
Nintendo Entertainment System	Ninja Ryuukenden III: Yomi no Hakobune	Japan		No	No	No	1991	
Nintendo Entertainment System	Ninja-Kun: Ashura no Shou	Japan		No	No	No	1988	
Nintendo Entertainment System	Ninja-Kun: Majou no Bouken	Japan		No	No	No	1985	
Nintendo Entertainment System	Ninjara Hoi!	Japan		No	No	No	1990	
Nintendo Entertainment System	Nippon Ichi no Meikantoku	Japan		No	No	No	1990	
Nintendo Entertainment System	Nishimura Kyoutarou Mystery: Blue Train Satsujin Jiken	Japan		No	No	No	1989	
Nintendo Entertainment System	Nishimura Kyoutarou Mystery: Super Express Satsujin Jiken	Japan		No	No	No	1990	
Nintendo Entertainment System	Nobunaga no Yabou: Bushou Fuuunroku	Japan		No	No	No	1991	
Nintendo Entertainment System	Nobunaga no Yabou: Sengouku Gunyuuden	Japan		No	No	No	1990	
Nintendo Entertainment System	Nobunaga no Yabou: Zenkokuban	Japan		No	No	No	1988	
Nintendo Entertainment System	North & South: Wakuwaku Nanboku Sensou	Japan		No	No	No	1990	
Nintendo Entertainment System	Nuts & Milk	Japan		No	No	No	1984	
Nintendo Entertainment System	NY Nyankies	Japan		No	No	No	1991	
Nintendo Entertainment System	Obake no Q Tarou: Wan Wan Panic	Japan		No	No	No	1985	
Nintendo Entertainment System	Obocchamakun	Japan		No	No	No	1991	
Nintendo Entertainment System	Ochin ni Toshi Puzzle Tonjan!?	Japan		No	No	No	1989	
Nintendo Entertainment System	Oeka Kids: Anpanman no Hiragana Daisuki	Japan		No	No	No	1991	
Nintendo Entertainment System	Oeka Kids: Anpanman to Oekaki Shiyou!!	Japan		No	No	No	1990	
Nintendo Entertainment System	Oishinbo: Kyukyoku no Menu 3bon Syoubu	Japan		No	No	No	1989	
Nintendo Entertainment System	Okkotoshi Puzzle Tonjan!?	Japan		No	No	No	1989	
Nintendo Entertainment System	Olympus no Tatakai: Ai no Densetsu	Japan		No	No	No	1988	
Nintendo Entertainment System	Onyanko Town	Japan		No	No	No	1985	
Nintendo Entertainment System	Operation Wolf	Japan		No	No	No	1989	
Nintendo Entertainment System	Osomatsu-Kun: Back to the Me no Deppa no Maki	Japan		No	No	No	1989	
Nintendo Entertainment System	Otaku no Seiza: An Adventure in the Otaku Galaxy	Japan		No	No	No	1991	
Nintendo Entertainment System	Othello	Japan		No	No	No	1986	
Nintendo Entertainment System	Outlanders	Japan		No	No	No	1987	
Nintendo Entertainment System	Over Horizon	Japan		No	No	No	1991	
Nintendo Entertainment System	Pac-Land	Japan		No	No	No	1985	
Nintendo Entertainment System	Pac-Man	Japan		No	No	No	1984	
Nintendo Entertainment System	Pachi-Slot Adventure 2: Sorotta Kun no Pachi Slot Tanteidan	Japan		No	No	No	1993	
Nintendo Entertainment System	Pachi-Slot Adventure 3: Bitaoshii 7 Kenzan!	Japan		No	No	No	1994	
Nintendo Entertainment System	Pachicom	Japan		No	No	No	1985	
Nintendo Entertainment System	Pachinko Daisakusen 1	Japan		No	No	No	1991	
Nintendo Entertainment System	Pachinko Daisakusen 2	Japan		No	No	No	1992	
Nintendo Entertainment System	Pachiokun 2	Japan		No	No	No	1989	
Nintendo Entertainment System	Pachiokun 3	Japan		No	No	No	1990	
Nintendo Entertainment System	Pachiokun 4	Japan		No	No	No	1991	
Nintendo Entertainment System	Pachiokun 5	Japan		No	No	No	1993	
Nintendo Entertainment System	Palamedes	Japan		No	No	No	1990	
Nintendo Entertainment System	Palamedes II: Star Twinkles	Japan		No	No	No	1991	
Nintendo Entertainment System	Paperboy	Japan		No	No	No	1991	
Nintendo Entertainment System	Parallel World	Japan		No	No	No	1990	
Nintendo Entertainment System	Parasol Henbee	Japan		No	No	No	1991	
Nintendo Entertainment System	Paris-Dakar Rally Special!	Japan		No	No	No	1988	
Nintendo Entertainment System	Parodius Da!	Japan		No	No	No	1990	
Nintendo Entertainment System	Peepar Time	Japan		No	No	No	1990	
Nintendo Entertainment System	Penguin-Kun Wars	Japan		No	No	No	1985	
Nintendo Entertainment System	Perfect Bowling	Japan		No	No	No	1989	
Nintendo Entertainment System	Perman Part 2: Himitsu Kessha Madoodan o Taose!	Japan		No	No	No	1991	
Nintendo Entertainment System	Perman: Enban o Torikaese!!	Japan		No	No	No	1990	
Nintendo Entertainment System	Pinball	Japan		No	No	No	1984	
Nintendo Entertainment System	Pinball Quest	Japan		No	No	No	1989	
Nintendo Entertainment System	Pizza Pop!	Japan		No	No	No	1992	
Nintendo Entertainment System	Plasma Ball	Japan		No	No	No	1992	
Nintendo Entertainment System	Pocket Zaurus: Ju Ouken no Nazo	Japan		No	No	No	1987	
Nintendo Entertainment System	Pooyan	Japan		No	No	No	1985	
Nintendo Entertainment System	Popeye	Japan		No	No	No	1983	
Nintendo Entertainment System	Popeye no Eigo Asobi	Japan		No	No	No	1983	
Nintendo Entertainment System	Portopia Renzoku Satsujin Jiken	Japan		No	No	No	1985	
Nintendo Entertainment System	Power Blazer	Japan		No	No	No	1990	
Nintendo Entertainment System	Power Soccer	Japan		No	No	No	1990	
Nintendo Entertainment System	Predator	Japan		No	No	No	1988	
Nintendo Entertainment System	President no Sentaku	Japan		No	No	No	1990	
Nintendo Entertainment System	Pro Yakyuu Family Stadium	Japan		No	No	No	1986	
Nintendo Entertainment System	Pro Yakyuu Family Stadium '87	Japan		No	No	No	1987	
Nintendo Entertainment System	Pro Yakyuu Family Stadium '88 Nendoban	Japan		No	No	No	1988	
Nintendo Entertainment System	Pro Yakyuu? Satsujin Jiken!	Japan		No	No	No	1988	
Nintendo Entertainment System	Puyo Puyo	Japan		No	No	No	1993	
Nintendo Entertainment System	Puzslot	Japan		No	No	No	1992	
Nintendo Entertainment System	Puzznic	Japan		No	No	No	1991	
Nintendo Entertainment System	Pyokotan no Dai Meiro	Japan		No	No	No	1993	
Nintendo Entertainment System	Quarter Back Scramble: American Football Game	Japan		No	No	No	1989	
Nintendo Entertainment System	Quarth	Japan		No	No	No	1990	
Nintendo Entertainment System	Quinty	Japan		No	No	No	1989	
Nintendo Entertainment System	Quiz Project Q: Cutie Project & Battle 10000	Japan		No	No	No	1992	
Nintendo Entertainment System	Racer Mini Yonku: Japan Cup	Japan		No	No	No	1989	
Nintendo Entertainment System	Radia Senki: Reimeihen	Japan		No	No	No	1991	
Nintendo Entertainment System	Raf World	Japan		No	No	No	1990	
Nintendo Entertainment System	Raid on Bungeling Bay	Japan		No	No	No	1985	
Nintendo Entertainment System	Rainbow Islands: The Story of Bubble Bobble 2	Japan		No	No	No	1988	
Nintendo Entertainment System	Rambo	Japan		No	No	No	1987	
Nintendo Entertainment System	Rampart	Japan		No	No	No	1991	
Nintendo Entertainment System	Red Arremer II	Japan		No	No	No	1992	
Nintendo Entertainment System	Reigen Doushi	Japan		No	No	No	1988	
Nintendo Entertainment System	Ripple Island	Japan		No	No	No	1988	
Nintendo Entertainment System	Road Fighter	Japan		No	No	No	1985	
Nintendo Entertainment System	Robocco Wars	Japan		No	No	No	1991	
Nintendo Entertainment System	RoboCop	Japan		No	No	No	1989	
Nintendo Entertainment System	RoboCop 2	Japan		No	No	No	1991	
Nintendo Entertainment System	Robot Block	Japan		No	No	No	1985	
Nintendo Entertainment System	RockMan	Japan		No	No	No	1987	
Nintendo Entertainment System	RockMan 2: Dr. Wily no Nazo	Japan		No	No	No	1988	
Nintendo Entertainment System	RockMan 3: Dr. Wily no Saigo!?	Japan		No	No	No	1990	
Nintendo Entertainment System	RockMan 4: Aratanaru Yabou!!	Japan		No	No	No	1991	
Nintendo Entertainment System	RockMan 5: Blues no Wana!?	Japan		No	No	No	1992	
Nintendo Entertainment System	RockMan 6: Shijou Saidai no Tatakai!!	Japan		No	No	No	1993	
Nintendo Entertainment System	Rokudenashi Blues	Japan		No	No	No	1993	
Nintendo Entertainment System	Rollerball	Japan		No	No	No	1988	
Nintendo Entertainment System	Rolling Thunder	Japan		No	No	No	1989	
Nintendo Entertainment System	Romancia	Japan		No	No	No	1987	
Nintendo Entertainment System	Route-16 Turbo	Japan		No	No	No	1985	
Nintendo Entertainment System	Royal Blood	Japan		No	No	No	1991	
Nintendo Entertainment System	RPG Jinsei Game	Japan		No	No	No	1993	
Nintendo Entertainment System	Saint Seiya: Ougon Densetsu	Japan		No	No	No	1987	
Nintendo Entertainment System	Saint Seiya: Ougon Densetsu Kanketsu Hen	Japan		No	No	No	1988	
Nintendo Entertainment System	Saiyuuki World	Japan		No	No	No	1988	
Nintendo Entertainment System	Saiyuuki World 2: Tenjoukai no Majin	Japan		No	No	No	1990	
Nintendo Entertainment System	Sakigake!! Otokojuku: Shippu Ichi Gou Sei	Japan		No	No	No	1989	
Nintendo Entertainment System	Salad no Kuni no Tomato Hime	Japan		No	No	No	1988	
Nintendo Entertainment System	Salamander	Japan		No	No	No	1987	
Nintendo Entertainment System	San Goku Shi	Japan		No	No	No	1988	
Nintendo Entertainment System	San Goku Shi II	Japan		No	No	No	1990	
Nintendo Entertainment System	San Goku Shi II: Haou no Tairiku	Japan		No	No	No	1992	
Nintendo Entertainment System	San Goku Shi: Chuugen no Hasha	Japan		No	No	No	1988	
Nintendo Entertainment System	Sanada Juu Yuushi	Japan		No	No	No	1988	
Nintendo Entertainment System	Sanma no Meitantei	Japan		No	No	No	1987	
Nintendo Entertainment System	Sanrio Carnival	Japan		No	No	No	1990	
Nintendo Entertainment System	Sanrio Carnival 2	Japan		No	No	No	1993	
Nintendo Entertainment System	Sanrio Cup: Pon Pon Volley	Japan		No	No	No	1992	
Nintendo Entertainment System	Sansara Naga	Japan		No	No	No	1990	
Nintendo Entertainment System	Satomi Hakkenden	Japan		No	No	No	1989	
Nintendo Entertainment System	Satsui no Kaisou: Power Soft Satsujin Jiken	Japan		No	No	No	1988	
Nintendo Entertainment System	Satsui no Kaisou: Soft House Renzoku Satsujin Jiken	Japan		No	No	No	1988	
Nintendo Entertainment System	SD Battle Oozumou: Heisei Hero Basho	Japan		No	No	No	1990	
Nintendo Entertainment System	SD Gundam Gaiden: Knight Gundam Monogatari	Japan		No	No	No	1990	
Nintendo Entertainment System	SD Gundam Gaiden: Knight Gundam Monogatari 2 - Hikari no Kishi	Japan		No	No	No	1991	
Nintendo Entertainment System	SD Gundam Gaiden: Knight Gundam Monogatari 3 - Densetsu no Kishi Dan	Japan		No	No	No	1992	
Nintendo Entertainment System	SD Gundam World Gachapon Senshi 3: Eiyuu Senki	Japan		No	No	No	1990	
Nintendo Entertainment System	SD Gundam World Gachapon Senshi 4: New Type Story	Japan		No	No	No	1991	
Nintendo Entertainment System	SD Gundam World Gachapon Senshi 5: Battle of Universal Century	Japan		No	No	No	1992	
Nintendo Entertainment System	SD Gundam World: Gachapon Senshi 2 - Capsule Senki	Japan		No	No	No	1989	
Nintendo Entertainment System	SD Gundam: Gundam Wars	Japan		No	No	No	1993	
Nintendo Entertainment System	SD Hero Soukessen: Taose! Aku no Gundan	Japan		No	No	No	1990	
Nintendo Entertainment System	SD Keiji: Blader	Japan		No	No	No	1991	
Nintendo Entertainment System	SD Sengoku Bushou Retsuden: Rekka no Gotoku Tenka o Nusure!	Japan		No	No	No	1990	
Nintendo Entertainment System	Seicross	Japan		No	No	No	1986	
Nintendo Entertainment System	Seikima II: Akuma no Gyakushuu	Japan		No	No	No	1986	
Nintendo Entertainment System	Seirei Densetsu Lickle	Japan		No	No	No	1992	
Nintendo Entertainment System	Seirei Gari	Japan		No	No	No	1989	
Nintendo Entertainment System	Seiryaku Simulation: Inbou no Wakusei: Shancara	Japan		No	No	No	1992	
Nintendo Entertainment System	Sekiryuou	Japan		No	No	No	1989	
Nintendo Entertainment System	Sekiryuuou	Japan		No	No	No	1989	
Nintendo Entertainment System	Senjou no Ookami	Japan		No	No	No	1986	
Nintendo Entertainment System	Sensha Senryaku: Sabaku no Kitsune	Japan		No	No	No	1988	
Nintendo Entertainment System	Shadow Brain	Japan		No	No	No	1991	
Nintendo Entertainment System	Shadowgate	Japan		No	No	No	1989	
Nintendo Entertainment System	Shanghai	Japan		No	No	No	1987	
Nintendo Entertainment System	Shanghai II	Japan		No	No	No	1990	
Nintendo Entertainment System	Sherlock Holmes: Hakushaku Reijou Yuukai Jiken	Japan		No	No	No	1986	
Nintendo Entertainment System	Shikinjou	Japan		No	No	No	1991	
Nintendo Entertainment System	Shin 4-Jin Uchi Mahjong: Yakuman Tengoku	Japan		No	No	No	1991	
Nintendo Entertainment System	Shin Moero!! Pro Yakyuu	Japan		No	No	No	1989	
Nintendo Entertainment System	Shin Satomi Hakkenden: Hikari to Yami no Tatakai	Japan		No	No	No	1989	
Nintendo Entertainment System	Shinjinrui: The New Type	Japan		No	No	No	1987	
Nintendo Entertainment System	Shinsenden	Japan		No	No	No	1989	
Nintendo Entertainment System	Shogi Meikan '92	Japan		No	No	No	1992	
Nintendo Entertainment System	Shogi Meikan '93	Japan		No	No	No	1992	
Nintendo Entertainment System	Shogun	Japan		No	No	No	1988	
Nintendo Entertainment System	Shoukoushi Cedie	Japan		No	No	No	1988	
Nintendo Entertainment System	Shounen Ashibe: Nepal Daibouken no Maki	Japan		No	No	No	1991	
Nintendo Entertainment System	Shuffle Fight	Japan		No	No	No	1992	
Nintendo Entertainment System	Shufflepuck Cafe	Japan		No	No	No	1990	
Nintendo Entertainment System	Side Pocket	Japan		No	No	No	1987	
Nintendo Entertainment System	Silva Saga	Japan		No	No	No	1992	
Nintendo Entertainment System	Sky Destroyer	Japan		No	No	No	1985	
Nintendo Entertainment System	Sky Kid	Japan		No	No	No	1986	
Nintendo Entertainment System	Snow Bros.: Nick & Tom	Japan		No	No	No	1991	
Nintendo Entertainment System	Soccer	Japan		No	No	No	1985	
Nintendo Entertainment System	Soccer League - Winner's Cup	Japan		No	No	No	1988	
Nintendo Entertainment System	Softball Tengoku	Japan		No	No	No	1989	
Nintendo Entertainment System	Solomon no Kagi	Japan		No	No	No	1986	
Nintendo Entertainment System	Solomon no Kagi 2: Coolmintou Kyuushutsu Sakusen	Japan		No	No	No	1992	
Nintendo Entertainment System	Solstice: Sanjigen Meikyuu no Kyoujuu	Japan		No	No	No	1990	
Nintendo Entertainment System	SonSon	Japan		No	No	No	1986	
Nintendo Entertainment System	Soreike! Anpanman: Minna de Hiking Game!	Japan		No	No	No	1992	
Nintendo Entertainment System	Space Harrier	Japan		No	No	No	1989	
Nintendo Entertainment System	Space Hunter	Japan		No	No	No	1986	
Nintendo Entertainment System	Space Invaders	Japan		No	No	No	1985	
Nintendo Entertainment System	Space Shadow	Japan		No	No	No	1989	
Nintendo Entertainment System	Spartan X	Japan		No	No	No	1985	
Nintendo Entertainment System	Spartan X 2	Japan		No	No	No	1991	
Nintendo Entertainment System	Spelunker	Japan		No	No	No	1985	
Nintendo Entertainment System	Spelunker II: Yuushahe no Chousen	Japan		No	No	No	1987	
Nintendo Entertainment System	Splatterhouse: Wanpaku Graffiti	Japan		No	No	No	1989	
Nintendo Entertainment System	Spot: The Game	Japan		No	No	No	1992	
Nintendo Entertainment System	Spy vs. Spy	Japan		No	No	No	1986	
Nintendo Entertainment System	Sqoon	Japan		No	No	No	1986	
Nintendo Entertainment System	Square no Tom Sawyer	Japan		No	No	No	1989	
Nintendo Entertainment System	Star Force	Japan		No	No	No	1985	
Nintendo Entertainment System	Star Luster	Japan		No	No	No	1985	
Nintendo Entertainment System	Star Soldier	Japan		No	No	No	1986	
Nintendo Entertainment System	Star Wars	Japan		No	No	No	1987	
Nintendo Entertainment System	Star Wars	Japan		No	No	No	1991	
Nintendo Entertainment System	Star Wars: Teikoku no Gyakushuu	Japan		No	No	No	1993	
Nintendo Entertainment System	Stargate	Japan		No	No	No	1987	
Nintendo Entertainment System	STED: Iseki Wakusei no Yabou	Japan		No	No	No	1990	
Nintendo Entertainment System	Stick Hunter: Exciting Ice Hockey	Japan		No	No	No	1987	
Nintendo Entertainment System	Sugoro Quest: Dice no Senshi Tachi	Japan		No	No	No	1991	
Nintendo Entertainment System	Suikoden: Tenmei no Chikai	Japan		No	No	No	1990	
Nintendo Entertainment System	Sukeban Deka III	Japan		No	No	No	1988	
Nintendo Entertainment System	Sullivan Bluth Presents: Dragon's Lair	Japan		No	No	No	1991	
Nintendo Entertainment System	Summer Carnival '92: Recca	Japan		No	No	No	1992	
Nintendo Entertainment System	Super Arabian	Japan		No	No	No	1985	
Nintendo Entertainment System	Super Black Onyx	Japan		No	No	No	1988	
Nintendo Entertainment System	Super Chinese	Japan		No	No	No	1986	
Nintendo Entertainment System	Super Chinese 2: Dragon Kid	Japan		No	No	No	1989	
Nintendo Entertainment System	Super Chinese 3	Japan		No	No	No	1991	
Nintendo Entertainment System	Super Contra	Japan		No	No	No	1990	
Nintendo Entertainment System	Super Dyna'mix Badminton	Japan		No	No	No	1988	
Nintendo Entertainment System	Super Mario Bros.	Japan		No	No	No	1985	
Nintendo Entertainment System	Super Mario Bros. 3	Japan		No	No	No	1988	
Nintendo Entertainment System	Super Mario USA	Japan		No	No	No	1992	
Nintendo Entertainment System	Super Maruo	Japan		No	No	No	1986	
Nintendo Entertainment System	Super Mogura Tataki!! Pokkun Mogura	Japan		No	No	No	1989	
Nintendo Entertainment System	Super Momotarou Dentetsu	Japan		No	No	No	1992	
Nintendo Entertainment System	Super Pinball	Japan		No	No	No	1988	
Nintendo Entertainment System	Super Pitfall	Japan		No	No	No	1986	
Nintendo Entertainment System	Super Real Baseball '88	Japan		No	No	No	1988	
Nintendo Entertainment System	Super Rugby	Japan		No	No	No	1989	
Nintendo Entertainment System	Super Sprint	Japan		No	No	No	1991	
Nintendo Entertainment System	Super Star Force: Jikuureki no Himitsu	Japan		No	No	No	1986	
Nintendo Entertainment System	Super Star Pro Wrestling	Japan		No	No	No	1989	
Nintendo Entertainment System	Super Xevious: GAMP no Nazo	Japan		No	No	No	1986	
Nintendo Entertainment System	Superman	Japan		No	No	No	1987	
Nintendo Entertainment System	SWAT: Special Weapons and Tactics	Japan		No	No	No	1987	
Nintendo Entertainment System	Sweet Home	Japan		No	No	No	1989	
Nintendo Entertainment System	Sword Master	Japan		No	No	No	1990	
Nintendo Entertainment System	Tag Team Pro Wrestling	Japan		No	No	No	1986	
Nintendo Entertainment System	Taito Basketball	Japan		No	No	No	1991	
Nintendo Entertainment System	Taito Grand Prix: Eikou e no License	Japan		No	No	No	1987	
Nintendo Entertainment System	Taiyou no Shinden: Asteka II	Japan		No	No	No	1988	
Nintendo Entertainment System	Taiyou no Yuusha Fighbird	Japan		No	No	No	1992	
Nintendo Entertainment System	Takahashi Meijin no Bouken Jima	Japan		No	No	No	1986	
Nintendo Entertainment System	Takahashi Meijin no Bouken Jima II	Japan		No	No	No	1991	
Nintendo Entertainment System	Takahashi Meijin no Bouken Jima III	Japan		No	No	No	1992	
Nintendo Entertainment System	Takahashi Meijin no Bouken Jima IV	Japan		No	No	No	1994	
Nintendo Entertainment System	Takahashi Meijin no Bug-tte Honey	Japan		No	No	No	1987	
Nintendo Entertainment System	Takeda Shingen	Japan		No	No	No	1988	
Nintendo Entertainment System	Takeda Shingen 2	Japan		No	No	No	1989	
Nintendo Entertainment System	Takeshi no Chousenjou	Japan		No	No	No	1986	
Nintendo Entertainment System	Takeshi no Sengoku Fuuunko	Japan		No	No	No	1988	
Nintendo Entertainment System	Tamura Mitsuaki no Mahjong Seminar	Japan		No	No	No	1990	
Nintendo Entertainment System	Tanigawa Kouji no Shogi Shinan II: Meijin e no Michi	Japan		No	No	No	1988	
Nintendo Entertainment System	Tanigawa Kouji no Shogi Shinan III	Japan		No	No	No	1989	
Nintendo Entertainment System	Tantei Jinguuji Saburou: Toki no Sugiyuku Mama ni	Japan		No	No	No	1990	
Nintendo Entertainment System	Tantei Jinguuji Saburou: Yokohama-ko Renzoku Satsujin Jiken	Japan		No	No	No	1988	
Nintendo Entertainment System	Tao	Japan		No	No	No	1989	
Nintendo Entertainment System	Tashiro Masashi no Princess ga Ippai	Japan		No	No	No	1989	
Nintendo Entertainment System	Tatakae!! Ramen-Man: Sakuretsu Choujin 102 Gei	Japan		No	No	No	1988	
Nintendo Entertainment System	Tatakai no Banka	Japan		No	No	No	1986	
Nintendo Entertainment System	Tecmo Bowl	Japan		No	No	No	1990	
Nintendo Entertainment System	Tecmo Super Bowl	Japan		No	No	No	1991	
Nintendo Entertainment System	Tecmo World Cup Soccer	Japan		No	No	No	1990	
Nintendo Entertainment System	Teenage Mutant Ninja Turtles	Japan		No	No	No	1990	
Nintendo Entertainment System	Teenage Mutant Ninja Turtles 2: The Manhattan Project	Japan		No	No	No	1991	
Nintendo Entertainment System	Tenchi o Kurau	Japan		No	No	No	1989	
Nintendo Entertainment System	Tenchi o Kurau II: Shokatsu Koumei Den	Japan		No	No	No	1991	
Nintendo Entertainment System	Tenka no Goikenban: Mito Koumon	Japan		No	No	No	1987	
Nintendo Entertainment System	Tenkaichi Bushi: Keru Naguuru	Japan		No	No	No	1989	
Nintendo Entertainment System	Tennis	Japan		No	No	No	1984	
Nintendo Entertainment System	Terao no Dosukoi Oozumou	Japan		No	No	No	1989	
Nintendo Entertainment System	Terminator 2	Japan		No	No	No	1992	
Nintendo Entertainment System	Terra Cresta	Japan		No	No	No	1986	
Nintendo Entertainment System	Tetra Star: The Fighter	Japan		No	No	No	1991	
Nintendo Entertainment System	Tetris	Japan		No	No	No	1988	
Nintendo Entertainment System	Tetris 2 + BomBliss	Japan		No	No	No	1991	
Nintendo Entertainment System	Tetris Flash	Japan		No	No	No	1993	
Nintendo Entertainment System	Tetsudou-Oh	Japan		No	No	No	1987	
Nintendo Entertainment System	Tetsuwan Atom	Japan		No	No	No	1988	
Nintendo Entertainment System	Thexder	Japan		No	No	No	1985	
Nintendo Entertainment System	Thunderbirds	Japan		No	No	No	1989	
Nintendo Entertainment System	Tiger-Heli	Japan		No	No	No	1986	
Nintendo Entertainment System	Time Zone	Japan		No	No	No	1991	
Nintendo Entertainment System	Times of Lore	Japan		No	No	No	1990	
Nintendo Entertainment System	Tiny Toon Adventures	Japan		No	No	No	1991	
Nintendo Entertainment System	Tiny Toon Adventures 2: Montana Land e Youkoso	Japan		No	No	No	1992	
Nintendo Entertainment System	Titan	Japan		No	No	No	1990	
Nintendo Entertainment System	TM Network: Live in Power Bowl	Japan		No	No	No	1989	
Nintendo Entertainment System	Toki no Tabibito: Time Stranger	Japan		No	No	No	1986	
Nintendo Entertainment System	Tokkyuu Shirei Solbrain	Japan		No	No	No	1991	
Nintendo Entertainment System	Tokoro-san no Mamoru mo Semeru mo	Japan		No	No	No	1987	
Nintendo Entertainment System	Tokyo Pachi-Slot Adventure	Japan		No	No	No	1991	
Nintendo Entertainment System	Tom Sawyer no Bouken	Japan		No	No	No	1989	
Nintendo Entertainment System	Tom to Jerry & Tuffy	Japan		No	No	No	1992	
Nintendo Entertainment System	Top Gun	Japan		No	No	No	1987	
Nintendo Entertainment System	Top Gun: Dual Fighters	Japan		No	No	No	1989	
Nintendo Entertainment System	Top Rider	Japan		No	No	No	1988	
Nintendo Entertainment System	Top Striker	Japan		No	No	No	1992	
Nintendo Entertainment System	Totsuzen! Macho Man	Japan		No	No	No	1988	
Nintendo Entertainment System	Touhou Kenbun Roku	Japan		No	No	No	1988	
Nintendo Entertainment System	Toujin Makyou Den: Heracles no Eikou	Japan		No	No	No	1987	
Nintendo Entertainment System	Toukon Club	Japan		No	No	No	1992	
Nintendo Entertainment System	Transformers: Convoy no Nazo	Japan		No	No	No	1986	
Nintendo Entertainment System	Triathron, The	Japan		No	No	No	1988	
Nintendo Entertainment System	Tsuppari Oozumou	Japan		No	No	No	1987	
Nintendo Entertainment System	Tsuppari Wars	Japan		No	No	No	1991	
Nintendo Entertainment System	Tsuri Kichi Sanpei: Blue Marlin Hen	Japan		No	No	No	1988	
Nintendo Entertainment System	Tsurupika Hagemaru: Mezase! Tsuruseko no Akashi	Japan		No	No	No	1991	
Nintendo Entertainment System	Twin Eagle	Japan		No	No	No	1991	
Nintendo Entertainment System	TwinBee	Japan		No	No	No	1986	
Nintendo Entertainment System	TwinBee 3: Poko Poko Dai Maou	Japan		No	No	No	1989	
Nintendo Entertainment System	U.S. Championship V'Ball	Japan		No	No	No	1989	
Nintendo Entertainment System	Uchuu Keibitai SDF	Japan		No	No	No	1990	
Nintendo Entertainment System	Uchuusen Cosmo Carrier	Japan		No	No	No	1987	
Nintendo Entertainment System	Ultima: Kyoufu no Exodus	Japan		No	No	No	1987	
Nintendo Entertainment System	Ultima: Seisha he no Michi	Japan		No	No	No	1989	
Nintendo Entertainment System	Ultraman Club 2: Kaette Kita Ultraman Club	Japan		No	No	No	1990	
Nintendo Entertainment System	Ultraman Club 3: Mata Mata Shiyutsugeki!! Ultra Kyoudai	Japan		No	No	No	1991	
Nintendo Entertainment System	Ultraman Club: Kaijuu Dai Kessen!!	Japan		No	No	No	1992	
Nintendo Entertainment System	Ultraman Club: Supokon Fight!	Japan		No	No	No	1993	
Nintendo Entertainment System	Untouchables, The	Japan		No	No	No	1991	
Nintendo Entertainment System	Urban Champion	Japan		No	No	No	1984	
Nintendo Entertainment System	Urusei Yatsura: Lum no Wedding Bell	Japan		No	No	No	1986	
Nintendo Entertainment System	USA Ice Hockey in FC	Japan		No	No	No	1993	
Nintendo Entertainment System	Ushio to Tora: Shinen no Daiyou	Japan		No	No	No	1993	
Nintendo Entertainment System	Utsurun Desu.: Kawauso Hawaii e Iku	Japan		No	No	No	1992	
Nintendo Entertainment System	Valkyrie no Bouken: Toki no Kagi Densetsu	Japan		No	No	No	1986	
Nintendo Entertainment System	Vegas Connection: Casino Kara Ai o Komete	Japan		No	No	No	1989	
Nintendo Entertainment System	Venus Senki	Japan		No	No	No	1989	
Nintendo Entertainment System	Viva! Las Vegas	Japan		No	No	No	1988	
Nintendo Entertainment System	Volguard II	Japan		No	No	No	1985	
Nintendo Entertainment System	Wagyan Land	Japan		No	No	No	1989	
Nintendo Entertainment System	Wagyan Land 2	Japan		No	No	No	1990	
Nintendo Entertainment System	Wagyan Land 3	Japan		No	No	No	1992	
Nintendo Entertainment System	Wai Wai World	Japan		No	No	No	1988	
Nintendo Entertainment System	Wai Wai World 2: SOS!! Paseri Jou	Japan		No	No	No	1991	
Nintendo Entertainment System	Wanpaku Duck Yume Bouken	Japan		No	No	No	1990	
Nintendo Entertainment System	Wanpaku Kokkun no Gourmet World	Japan		No	No	No	1992	
Nintendo Entertainment System	Wario no Mori	Japan		No	No	No	1994	
Nintendo Entertainment System	Warpman	Japan		No	No	No	1985	
Nintendo Entertainment System	Western Kids	Japan		No	No	No	1991	
Nintendo Entertainment System	White Lion Densetsu: Pyramid no Kanata ni	Japan		No	No	No	1989	
Nintendo Entertainment System	Wild Gunman	Japan		No	No	No	1984	
Nintendo Entertainment System	Willow	Japan		No	No	No	1989	
Nintendo Entertainment System	Wily and Light no Rock Board: That's Paradise	Japan		No	No	No	1993	
Nintendo Entertainment System	Wit's	Japan		No	No	No	1990	
Nintendo Entertainment System	Wizardry II: Legacy of Llylgamyn - The Third Scenario	Japan		No	No	No	1989	
Nintendo Entertainment System	Wizardry III: Diamond no Kishi: The Second Scenario	Japan		No	No	No	1990	
Nintendo Entertainment System	Wizardry: Proving Grounds of the Mad Overlord	Japan		No	No	No	1987	
Nintendo Entertainment System	Woody Poco	Japan		No	No	No	1987	
Nintendo Entertainment System	Woody Poko	Japan		No	No	No	1987	
Nintendo Entertainment System	World Boxing	Japan		No	No	No	1990	
Nintendo Entertainment System	World Grand-Prix: Pole to Finish	Japan		No	No	No	1989	
Nintendo Entertainment System	World Super Tennis	Japan		No	No	No	1989	
Nintendo Entertainment System	Wrecking Crew	Japan		No	No	No	1985	
Nintendo Entertainment System	WWF Wrestlemania Challenge	Japan		No	No	No	1992	
Nintendo Entertainment System	Xevious	Japan		No	No	No	1984	
Nintendo Entertainment System	Yamamura Misa Suspense: Kyouto Hana no Misshitsu Satsujin Jiken	Japan		No	No	No	1989	
Nintendo Entertainment System	Yamamura Misa Suspense: Kyouto Ryuu no Tera Satsujin Jiken	Japan		No	No	No	1987	
Nintendo Entertainment System	Yamamura Misa Suspense: Kyouto Zaiteku Satsujin Jiken	Japan		No	No	No	1990	
Nintendo Entertainment System	Yami no Shigotonin Kage	Japan		No	No	No	1990	
Nintendo Entertainment System	Yie Ar Kung Fu	Japan		No	No	No	1985	
Nintendo Entertainment System	Yoshi no Cookie	Japan		No	No	No	1992	
Nintendo Entertainment System	Yoshi no Tamago	Japan		No	No	No	1991	
Nintendo Entertainment System	Youkai Club	Japan		No	No	No	1987	
Nintendo Entertainment System	Youkai Douchuuki	Japan		No	No	No	1988	
Nintendo Entertainment System	Yousei Monogatari: RodLand	Japan		No	No	No	1992	
Nintendo Entertainment System	Ys	Japan		No	No	No	1988	
Nintendo Entertainment System	Ys II	Japan		No	No	No	1990	
Nintendo Entertainment System	Ys III: Wanderers from Ys	Japan		No	No	No	1991	
Nintendo Entertainment System	Yume Penguin Monogatari	Japan		No	No	No	1991	
Nintendo Entertainment System	Yuu Yuu Hakusho: Bakutou Ankoku Bujutsu Kai	Japan		No	No	No	1993	
Nintendo Entertainment System	Zelda no Densetsu 1: The Hyrule Fantasy	Japan		No	No	No	1994	
Nintendo Entertainment System	Zenbei!! Pro Basketball	Japan		No	No	No	1989	
Nintendo Entertainment System	Zippy Race	Japan		No	No	No	1985	
Nintendo Entertainment System	Zoids 2: Zenebasu no Gyakushuu	Japan		No	No	No	1989	
Nintendo Entertainment System	Zoids: Chuuou Tairiku no Tatakai	Japan		No	No	No	1987	
Nintendo Entertainment System	Zoids: Mokushiroku	Japan		No	No	No	1990	
Nintendo Entertainment System	Zombie Hunter	Japan		No	No	No	1987	
Nintendo Entertainment System	Zunou Senkan Galg	Japan		No	No	No	1985	
