Nes	10-Yard Fight	1	2	3	4	5
Nes	1942	1	2	3	4	5
Nes	1943: The Battle of Midway	1	2	3	4	5
Nes	3-D Battles of World Runner, The	1	2	3	4	5
Nes	6 in 1 - Caltron	1	2	3	4	5
Nes	6 in 1 - Myriad	1	2	3	4	5
Nes	720	1	2	3	4	5
Nes	8 Eyes	1	2	3	4	5
Nes	A Boy and His Blob - Trouble on Blobolonia, David Crane's	1	2	3	4	5
Nes	A Nightmare on Elm Street	1	2	3	4	5
Nes	Abadox - The Deadly Inner War	1	2	3	4	5
Nes	Action 52	1	2	3	4	5
Nes	Addams Family, The	1	2	3	4	5
Nes	Addams Family, The: Pugsley's Scavenger Hunt	1	2	3	4	5
Nes	Advanced Dungeons & Dragons: Dragon Strike	1	2	3	4	5
Nes	Advanced Dungeons & Dragons: Heroes of the Lance	1	2	3	4	5
Nes	Advanced Dungeons & Dragons: Hillsfar	1	2	3	4	5
Nes	Advanced Dungeons & Dragons: Pool of Radiance	1	2	3	4	5
Nes	Adventure Island	1	2	3	4	5
Nes	Adventure Island 3	1	2	3	4	5
Nes	Adventure Island II	1	2	3	4	5
Nes	Adventures in the Magic Kingdom, Disney's	1	2	3	4	5
Nes	Adventures of Bayou Billy, The	1	2	3	4	5
Nes	Adventures of Captain Comic, The	1	2	3	4	5
Nes	Adventures of Dino Riki	1	2	3	4	5
Nes	Adventures of Gilligan's Island, The	1	2	3	4	5
Nes	Adventures of Lolo	1	2	3	4	5
Nes	Adventures of Lolo 2	1	2	3	4	5
Nes	Adventures of Lolo 3	1	2	3	4	5
Nes	Adventures of Rad Gravity, The	1	2	3	4	5
Nes	Adventures of Rocky And Bullwinkle And Friends, The	1	2	3	4	5
Nes	Adventures of Tom Sawyer	1	2	3	4	5
Nes	After Burner	1	2	3	4	5
Nes	Air Fortress	1	2	3	4	5
Nes	Airwolf	1	2	3	4	5
Nes	Al Unser Jr. Turbo Racing	1	2	3	4	5
Nes	Alfred Chicken	1	2	3	4	5
Nes	Alien 3	1	2	3	4	5
Nes	Alien Syndrome	1	2	3	4	5
Nes	All-Pro Basketball	1	2	3	4	5
Nes	Alpha Mission	1	2	3	4	5
Nes	Amagon	1	2	3	4	5
Nes	American Gladiators	1	2	3	4	5
Nes	Anticipation	1	2	3	4	5
Nes	Arch Rivals - A BASKETBRAWL!	1	2	3	4	5
Nes	Archon	1	2	3	4	5
Nes	Arkanoid	1	2	3	4	5
Nes	Arkista's Ring	1	2	3	4	5
Nes	Astyanax	1	2	3	4	5
Nes	Athena	1	2	3	4	5
Nes	Athletic World, Family Fun Fitness	1	2	3	4	5
Nes	Attack of the Killer Tomatoes	1	2	3	4	5
Nes	Baby Boomer	1	2	3	4	5
Nes	Back to the Future	1	2	3	4	5
Nes	Back to the Future II & III	1	2	3	4	5
Nes	Bad Dudes	1	2	3	4	5
Nes	Bad News Baseball	1	2	3	4	5
Nes	Bad Street Brawler	1	2	3	4	5
Nes	Balloon Fight	1	2	3	4	5
Nes	Bandai Golf: Challenge Pebble Beach	1	2	3	4	5
Nes	Bandit Kings of Ancient China	1	2	3	4	5
Nes	Barbie	1	2	3	4	5
Nes	Bard's Tale, The	1	2	3	4	5
Nes	Barker Bill's Trick Shooting	1	2	3	4	5
Nes	Base Wars - Cyber Stadium Series	1	2	3	4	5
Nes	Baseball	1	2	3	4	5
Nes	Baseball Simulator 1.000	1	2	3	4	5
Nes	Baseball Stars	1	2	3	4	5
Nes	Baseball Stars 2	1	2	3	4	5
Nes	Bases Loaded	1	2	3	4	5
Nes	Bases Loaded 2: Second Season	1	2	3	4	5
Nes	Bases Loaded 3, Ryne Sandberg Plays	1	2	3	4	5
Nes	Bases Loaded 4	1	2	3	4	5
Nes	Batman - Return of the Joker	1	2	3	4	5
Nes	Batman - The Video Game	1	2	3	4	5
Nes	Batman Returns	1	2	3	4	5
Nes	Battle Chess	1	2	3	4	5
Nes	Battle of Olympus, The	1	2	3	4	5
Nes	Battle Tank, Garry Kitchen's	1	2	3	4	5
Nes	Battleship	1	2	3	4	5
Nes	Battletoads	1	2	3	4	5
Nes	Battletoads & Double Dragon	1	2	3	4	5
Nes	Bee 52	1	2	3	4	5
Nes	Beetlejuice	1	2	3	4	5
Nes	Best of the Best Championship Karate	1	2	3	4	5
Nes	Bible Adventures	1	2	3	4	5
Nes	Bible Buffet	1	2	3	4	5
Nes	Big Nose Freaks Out	1	2	3	4	5
Nes	Big Nose the Caveman	1	2	3	4	5
Nes	Bigfoot	1	2	3	4	5
Nes	Bill & Ted's Excellent ^Video Game Adventure	1	2	3	4	5
Nes	Bionic Commando	1	2	3	4	5
Nes	Black Bass, The	1	2	3	4	5
Nes	Blackjack	1	2	3	4	5
Nes	Blades of Steel	1	2	3	4	5
Nes	Blaster Master	1	2	3	4	5
Nes	Blue Marlin	1	2	3	4	5
Nes	Blues Brothers, The	1	2	3	4	5
Nes	Bo Jackson Baseball	1	2	3	4	5
Nes	Bomberman	1	2	3	4	5
Nes	Bomberman II	1	2	3	4	5
Nes	Bonk's Adventure	1	2	3	4	5
Nes	Boulder Dash	1	2	3	4	5
Nes	Break Time, The National Pool Tour	1	2	3	4	5
Nes	Breakthru	1	2	3	4	5
Nes	Bubble Bath Babes	1	2	3	4	5
Nes	Bubble Bobble	1	2	3	4	5
Nes	Bubble Bobble Part 2	1	2	3	4	5
Nes	Bucky O'Hare	1	2	3	4	5
Nes	Bugs Bunny Birthday Blowout, The	1	2	3	4	5
Nes	Bugs Bunny Crazy Castle, The	1	2	3	4	5
Nes	Bump 'n' Jump	1	2	3	4	5
Nes	Burai Fighter	1	2	3	4	5
Nes	BurgerTime	1	2	3	4	5
Nes	Cabal	1	2	3	4	5
Nes	Caesar's Palace	1	2	3	4	5
Nes	California Games	1	2	3	4	5
Nes	Captain America and the Avengers	1	2	3	4	5
Nes	Captain Planet and the Planeteers	1	2	3	4	5
Nes	Captain Skyhawk	1	2	3	4	5
Nes	Casino Kid	1	2	3	4	5
Nes	Casino Kid II	1	2	3	4	5
Nes	Castelian	1	2	3	4	5
Nes	Castle of Deceit	1	2	3	4	5
Nes	Castle of Dragon	1	2	3	4	5
Nes	Castlequest	1	2	3	4	5
Nes	Castlevania	1	2	3	4	5
Nes	Castlevania II - Simon's Quest	1	2	3	4	5
Nes	Castlevania III - Dracula's Curse	1	2	3	4	5
Nes	Caveman Games	1	2	3	4	5
Nes	Challenge of the Dragon	1	2	3	4	5
Nes	Championship Bowling	1	2	3	4	5
Nes	Championship Pool - The Billiard Congress of America Presents	1	2	3	4	5
Nes	Cheetahmen II, The	1	2	3	4	5
Nes	Chessmaster, The	1	2	3	4	5
Nes	Chiller	1	2	3	4	5
Nes	Chip 'n Dale Rescue Rangers 2, Disney's	1	2	3	4	5
Nes	Chip 'n Dale Rescue Rangers, Disney's	1	2	3	4	5
Nes	Chubby Cherub	1	2	3	4	5
Nes	Circus Caper	1	2	3	4	5
Nes	City Connection	1	2	3	4	5
Nes	Clash at Demonhead	1	2	3	4	5
Nes	Classic Concentration	1	2	3	4	5
Nes	Cliffhanger	1	2	3	4	5
Nes	Clu Clu Land	1	2	3	4	5
Nes	Cobra Command	1	2	3	4	5
Nes	Cobra Triangle	1	2	3	4	5
Nes	Code Name: Viper	1	2	3	4	5
Nes	Color a Dinosaur	1	2	3	4	5
Nes	Commando	1	2	3	4	5
Nes	Conan: The Mysteries of Time	1	2	3	4	5
Nes	Conflict	1	2	3	4	5
Nes	Conquest of the Crystal Palace	1	2	3	4	5
Nes	Contra	1	2	3	4	5
Nes	Contra Force	1	2	3	4	5
Nes	Cool World	1	2	3	4	5
Nes	Cowboy Kid	1	2	3	4	5
Nes	Crash 'n' the Boys: Street Challenge	1	2	3	4	5
Nes	Crystal Mines	1	2	3	4	5
Nes	Crystalis	1	2	3	4	5
Nes	Cyberball	1	2	3	4	5
Nes	Cybernoid, The Fighting Machine	1	2	3	4	5
Nes	Dance Aerobics	1	2	3	4	5
Nes	Darkman	1	2	3	4	5
Nes	Darkwing Duck, Disney's	1	2	3	4	5
Nes	Dash Galaxy in the Alien Asylum	1	2	3	4	5
Nes	Day Dreamin' Davey	1	2	3	4	5
Nes	Days of Thunder	1	2	3	4	5
Nes	Deadly Towers	1	2	3	4	5
Nes	Death Race	1	2	3	4	5
Nes	Deathbots	1	2	3	4	5
Nes	Defender II	1	2	3	4	5
Nes	Defender of the Crown	1	2	3	4	5
Nes	Defenders of Dynatron City	1	2	3	4	5
Nes	Déjà Vu	1	2	3	4	5
Nes	Demon Sword	1	2	3	4	5
Nes	Desert Commander	1	2	3	4	5
Nes	Destination Earthstar	1	2	3	4	5
Nes	Destiny of an Emperor	1	2	3	4	5
Nes	Dick Tracy	1	2	3	4	5
Nes	Die Hard	1	2	3	4	5
Nes	Dig Dug II, Trouble in Paradise	1	2	3	4	5
Nes	Digger T. Rock, The Legend of the Lost City	1	2	3	4	5
Nes	Dirty Harry: The War Against Drugs	1	2	3	4	5
Nes	Dizzy the Adventurer	1	2	3	4	5
Nes	Donkey Kong	1	2	3	4	5
Nes	Donkey Kong 3	1	2	3	4	5
Nes	Donkey Kong Classics	1	2	3	4	5
Nes	Donkey Kong Jr.	1	2	3	4	5
Nes	Donkey Kong Jr. Math	1	2	3	4	5
Nes	Double Dare	1	2	3	4	5
Nes	Double Dragon	1	2	3	4	5
Nes	Double Dragon II - The Revenge	1	2	3	4	5
Nes	Double Dragon III - The Sacred Stones	1	2	3	4	5
Nes	Double Dribble	1	2	3	4	5
Nes	Double Strike	1	2	3	4	5
Nes	Dr. Chaos	1	2	3	4	5
Nes	Dr. Jekyll and Mr. Hyde	1	2	3	4	5
Nes	Dr. Mario	1	2	3	4	5
Nes	Dracula, Bram Stoker's	1	2	3	4	5
Nes	Dragon Fighter	1	2	3	4	5
Nes	Dragon Power	1	2	3	4	5
Nes	Dragon Spirit, The New Legend	1	2	3	4	5
Nes	Dragon Warrior	1	2	3	4	5
Nes	Dragon Warrior II	1	2	3	4	5
Nes	Dragon Warrior III	1	2	3	4	5
Nes	Dragon Warrior IV	1	2	3	4	5
Nes	Dragon's Lair, Sullivan Bluth Presents	1	2	3	4	5
Nes	Duck Hunt	1	2	3	4	5
Nes	Duck Tales 2, Disney's	1	2	3	4	5
Nes	Duck Tales, Disney's	1	2	3	4	5
Nes	Dudes with Attitude	1	2	3	4	5
Nes	Dungeon Magic - Sword of the Elements	1	2	3	4	5
Nes	Dusty Diamond's All-Star Softball	1	2	3	4	5
Nes	Dynowarz, The Destruction of Spondylus	1	2	3	4	5
Nes	Elevator Action	1	2	3	4	5
Nes	Eliminator Boat Duel	1	2	3	4	5
Nes	Excitebike	1	2	3	4	5
Nes	Exodus: Journey to the Promised Land	1	2	3	4	5
Nes	F-117A Stealth Fighter	1	2	3	4	5
Nes	F-15 City War	1	2	3	4	5
Nes	F-15 Strike Eagle	1	2	3	4	5
Nes	Family Feud	1	2	3	4	5
Nes	Fantastic Adventures of Dizzy, The	1	2	3	4	5
Nes	Fantasy Zone	1	2	3	4	5
Nes	Faria, A World of Mystery & Danger!	1	2	3	4	5
Nes	Fast Break, Magic Johnson's	1	2	3	4	5
Nes	Faxanadu	1	2	3	4	5
Nes	Felix the Cat	1	2	3	4	5
Nes	Ferrari Grand Prix Challenge	1	2	3	4	5
Nes	Fester's Quest	1	2	3	4	5
Nes	Fighting Golf, Lee Trevino's	1	2	3	4	5
Nes	Final Fantasy	1	2	3	4	5
Nes	Fire 'n Ice	1	2	3	4	5
Nes	Fire Hawk	1	2	3	4	5
Nes	Fisher-Price: Firehouse Rescue	1	2	3	4	5
Nes	Fisher-Price: I Can Remember	1	2	3	4	5
Nes	Fisher-Price: Perfect Fit	1	2	3	4	5
Nes	Fist of the North Star	1	2	3	4	5
Nes	Flight of the Intruder	1	2	3	4	5
Nes	Flintstones, The - Rescue of Dino & Hoppy	1	2	3	4	5
Nes	Flintstones, The - The Surprise at Dinosaur Peak	1	2	3	4	5
Nes	Flying Dragon: The Secret Scroll	1	2	3	4	5
Nes	Flying Warriors	1	2	3	4	5
Nes	Formula One: Built to Win	1	2	3	4	5
Nes	Frankenstein: The Monster Returns	1	2	3	4	5
Nes	Freedom Force	1	2	3	4	5
Nes	Friday the 13th	1	2	3	4	5
Nes	Fun House	1	2	3	4	5
Nes	G.I. Joe: A Real American Hero	1	2	3	4	5
Nes	G.I. Joe: The Atlantis Factor	1	2	3	4	5
Nes	Galactic Crusader	1	2	3	4	5
Nes	Galaga - Demons of Death	1	2	3	4	5
Nes	Galaxy 5000 - Racing in the 51<SUP>st</SUP> Century	1	2	3	4	5
Nes	Gargoyle's Quest II	1	2	3	4	5
Nes	Gauntlet	1	2	3	4	5
Nes	Gauntlet	1	2	3	4	5
Nes	Gauntlet II	1	2	3	4	5
Nes	Gemfire	1	2	3	4	5
Nes	Genghis Khan	1	2	3	4	5
Nes	Ghost Lion, Legend of	1	2	3	4	5
Nes	Ghostbusters	1	2	3	4	5
Nes	Ghostbusters II	1	2	3	4	5
Nes	Ghosts 'n Goblins	1	2	3	4	5
Nes	Ghoul School	1	2	3	4	5
Nes	Goal!	1	2	3	4	5
Nes	Goal! 2	1	2	3	4	5
Nes	Godzilla - Monster of Monsters!	1	2	3	4	5
Nes	Godzilla 2: War of the Monsters	1	2	3	4	5
Nes	Gold Medal Challenge '92	1	2	3	4	5
Nes	Golf	1	2	3	4	5
Nes	Golf Grand Slam	1	2	3	4	5
Nes	Golf Power, Greg Norman's	1	2	3	4	5
Nes	Golgo 13: Top Secret Episode	1	2	3	4	5
Nes	Goonies II, The	1	2	3	4	5
Nes	Gotcha! The Sport!	1	2	3	4	5
Nes	Gradius	1	2	3	4	5
Nes	Great Waldo Search, The	1	2	3	4	5
Nes	Gremlins 2 - The New Batch	1	2	3	4	5
Nes	Guardian Legend, The	1	2	3	4	5
Nes	Guerrilla War	1	2	3	4	5
Nes	Gumshoe	1	2	3	4	5
Nes	Gun+Nac	1	2	3	4	5
Nes	Gun.Smoke	1	2	3	4	5
Nes	Gyromite	1	2	3	4	5
Nes	Gyruss	1	2	3	4	5
Nes	Harlem Globetrotters	1	2	3	4	5
Nes	Hatris	1	2	3	4	5
Nes	Heavy Barrel	1	2	3	4	5
Nes	Heavy Shreddin'	1	2	3	4	5
Nes	High Speed	1	2	3	4	5
Nes	Hogan's Alley	1	2	3	4	5
Nes	Hollywood Squares	1	2	3	4	5
Nes	Home Alone	1	2	3	4	5
Nes	Home Alone 2 - Lost in New York	1	2	3	4	5
Nes	Hook	1	2	3	4	5
Nes	Hoops	1	2	3	4	5
Nes	Hot Slots	1	2	3	4	5
Nes	Hudson Hawk	1	2	3	4	5
Nes	Hunt for Red October, The	1	2	3	4	5
Nes	Hydlide	1	2	3	4	5
Nes	Ice Climber	1	2	3	4	5
Nes	Ice Hockey	1	2	3	4	5
Nes	Ikari Warriors	1	2	3	4	5
Nes	Ikari Warriors II: Victory Road	1	2	3	4	5
Nes	Ikari Warriors III: The Rescue	1	2	3	4	5
Nes	Image Fight	1	2	3	4	5
Nes	Immortal, The	1	2	3	4	5
Nes	Impossible Mission II	1	2	3	4	5
Nes	Impossible Mission II	1	2	3	4	5
Nes	Incredible Crash Dummies, The	1	2	3	4	5
Nes	Indiana Jones and the Last Crusade	1	2	3	4	5
Nes	Indiana Jones and the Last Crusade	1	2	3	4	5
Nes	Indiana Jones and the Temple of Doom	1	2	3	4	5
Nes	Indiana Jones and the Temple of Doom	1	2	3	4	5
Nes	Indy Heat, Danny Sullivan's	1	2	3	4	5
Nes	Infiltrator	1	2	3	4	5
Nes	Iron Tank - The Invasion of Normandy	1	2	3	4	5
Nes	Ironsword - Wizards & Warriors II	1	2	3	4	5
Nes	Isolated Warrior	1	2	3	4	5
Nes	Jack Nicklaus' Greatest 18 Holes of Major Championship Golf	1	2	3	4	5
Nes	Jackal	1	2	3	4	5
Nes	Jackie Chan's Action Kung Fu	1	2	3	4	5
Nes	James Bond Jr.	1	2	3	4	5
Nes	Jaws	1	2	3	4	5
Nes	Jeopardy!	1	2	3	4	5
Nes	Jeopardy! 25th Anniversary Edition	1	2	3	4	5
Nes	Jeopardy! Jr. Edition	1	2	3	4	5
Nes	Jetsons, The - Cogswell's Caper	1	2	3	4	5
Nes	Jimmy Connors Tennis	1	2	3	4	5
Nes	Joe & Mac	1	2	3	4	5
Nes	John Elway's Quarterback	1	2	3	4	5
Nes	Jordan vs. Bird: One on One	1	2	3	4	5
Nes	Joshua & The Battle of Jericho	1	2	3	4	5
Nes	Journey to Silius	1	2	3	4	5
Nes	Joust	1	2	3	4	5
Nes	Jungle Book, The, Disney's	1	2	3	4	5
Nes	Jurassic Park	1	2	3	4	5
Nes	Kabuki - Quantum Fighter	1	2	3	4	5
Nes	Karate Champ	1	2	3	4	5
Nes	Karate Kid, The	1	2	3	4	5
Nes	Karnov	1	2	3	4	5
Nes	Kickle Cubicle	1	2	3	4	5
Nes	Kickmaster	1	2	3	4	5
Nes	Kid Icarus	1	2	3	4	5
Nes	Kid Klown in Night Mayor World	1	2	3	4	5
Nes	Kid Kool and the Quest for the Seven Wonder Herbs	1	2	3	4	5
Nes	Kid Niki: Radical Ninja	1	2	3	4	5
Nes	King Neptune's Adventure	1	2	3	4	5
Nes	King of Kings, The Early Years	1	2	3	4	5
Nes	King's Knight	1	2	3	4	5
Nes	King's Quest V	1	2	3	4	5
Nes	Kings of the Beach Professional Beach Volleyball	1	2	3	4	5
Nes	Kirby's Adventure	1	2	3	4	5
Nes	Kiwi Kraze, A Bird-Brained Adventure!	1	2	3	4	5
Nes	Klash Ball	1	2	3	4	5
Nes	Klax	1	2	3	4	5
Nes	Knight Rider	1	2	3	4	5
Nes	KO Boxing, George Foreman's	1	2	3	4	5
Nes	Krazy Kreatures	1	2	3	4	5
Nes	Krion Conquest, The	1	2	3	4	5
Nes	Kung Fu	1	2	3	4	5
Nes	Kung Fu Heroes	1	2	3	4	5
Nes	L'Empereur	1	2	3	4	5
Nes	Laser Invasion	1	2	3	4	5
Nes	Last Action Hero	1	2	3	4	5
Nes	Last Ninja, The	1	2	3	4	5
Nes	Last Starfighter, The	1	2	3	4	5
Nes	Legacy of the Wizard	1	2	3	4	5
Nes	Legend of Kage, The	1	2	3	4	5
Nes	Legend of Zelda, The	1	2	3	4	5
Nes	Legendary Wings, The	1	2	3	4	5
Nes	Legends of the Diamond, The Baseball Championship Game	1	2	3	4	5
Nes	Lemmings	1	2	3	4	5
Nes	Lethal Weapon	1	2	3	4	5
Nes	Life Force	1	2	3	4	5
Nes	Linus Spacehead's "Cosmic Crusade"	1	2	3	4	5
Nes	Little League Baseball: Championship Series	1	2	3	4	5
Nes	Little Mermaid, The, Disney's	1	2	3	4	5
Nes	Little Nemo - The Dream Master	1	2	3	4	5
Nes	Little Ninja Brothers	1	2	3	4	5
Nes	Little Samson	1	2	3	4	5
Nes	Lode Runner	1	2	3	4	5
Nes	Lone Ranger, The	1	2	3	4	5
Nes	Loopz	1	2	3	4	5
Nes	Low G Man: The Low Gravity Man	1	2	3	4	5
Nes	Lunar Pool	1	2	3	4	5
Nes	M.C. Kids	1	2	3	4	5
Nes	M.U.L.E.	1	2	3	4	5
Nes	M.U.S.C.L.E. - Tag Team Match	1	2	3	4	5
Nes	Mach Rider	1	2	3	4	5
Nes	Mad Max	1	2	3	4	5
Nes	Mafat Conspiracy, The: Golgo 13 II	1	2	3	4	5
Nes	Magic Darts	1	2	3	4	5
Nes	Magic of Scheherazade, The	1	2	3	4	5
Nes	Magician	1	2	3	4	5
Nes	Magmax	1	2	3	4	5
Nes	Major League Baseball	1	2	3	4	5
Nes	Maniac Mansion	1	2	3	4	5
Nes	Mappy-Land	1	2	3	4	5
Nes	Marble Madness	1	2	3	4	5
Nes	Mario Bros., The Original	1	2	3	4	5
Nes	Mario Is Missing!	1	2	3	4	5
Nes	Mario's Time Machine	1	2	3	4	5
Nes	Marvel's X-Men	1	2	3	4	5
Nes	Master Chu and the Drunkard Hu	1	2	3	4	5
Nes	Maxi 15	1	2	3	4	5
Nes	Mechanized Attack	1	2	3	4	5
Nes	Mega Man	1	2	3	4	5
Nes	Mega Man 2	1	2	3	4	5
Nes	Mega Man 3	1	2	3	4	5
Nes	Mega Man 4	1	2	3	4	5
Nes	Mega Man 5	1	2	3	4	5
Nes	Mega Man 6	1	2	3	4	5
Nes	Menace Beach	1	2	3	4	5
Nes	Mendel Palace	1	2	3	4	5
Nes	Mermaids of Atlantis	1	2	3	4	5
Nes	Metal Fighter	1	2	3	4	5
Nes	Metal Gear	1	2	3	4	5
Nes	Metal Mech, Man & Machine	1	2	3	4	5
Nes	Metal Storm	1	2	3	4	5
Nes	Metroid	1	2	3	4	5
Nes	Michael Andretti's World GP	1	2	3	4	5
Nes	Mickey Mousecapade	1	2	3	4	5
Nes	Mickey's Adventure in Numberland	1	2	3	4	5
Nes	Mickey's Safari in Letterland	1	2	3	4	5
Nes	Micro Machines	1	2	3	4	5
Nes	Mig 29 Soviet Fighter	1	2	3	4	5
Nes	Might & Magic: Secret of the Inner Sanctum	1	2	3	4	5
Nes	Mighty Bombjack	1	2	3	4	5
Nes	Mighty Final Fight	1	2	3	4	5
Nes	Mike Tyson's Punch-Out!!	1	2	3	4	5
Nes	Millipede	1	2	3	4	5
Nes	Milon's Secret Castle	1	2	3	4	5
Nes	Miracle Piano Teaching System, The	1	2	3	4	5
Nes	Mission Cobra	1	2	3	4	5
Nes	Mission: Impossible	1	2	3	4	5
Nes	Monopoly	1	2	3	4	5
Nes	Monster in My Pocket	1	2	3	4	5
Nes	Monster Party	1	2	3	4	5
Nes	Monster Truck Rally	1	2	3	4	5
Nes	Moon Ranger	1	2	3	4	5
Nes	Motor City Patrol	1	2	3	4	5
Nes	Ms. Pac-Man	1	2	3	4	5
Nes	Ms. Pac-Man	1	2	3	4	5
Nes	Muppet Adventure: Chaos at the Carnival, Jim Henson's	1	2	3	4	5
Nes	Mutant Virus, The	1	2	3	4	5
Nes	Mystery Quest	1	2	3	4	5
Nes	NARC	1	2	3	4	5
Nes	NASCAR Challenge, Bill Elliot's	1	2	3	4	5
Nes	NFL Football	1	2	3	4	5
Nes	Nightshade	1	2	3	4	5
Nes	Ninja Crusaders	1	2	3	4	5
Nes	Ninja Gaiden	1	2	3	4	5
Nes	Ninja Gaiden II, The Dark Sword of Chaos	1	2	3	4	5
Nes	Ninja Gaiden III, The Ancient Ship of Doom	1	2	3	4	5
Nes	Ninja Kid	1	2	3	4	5
Nes	Nobunaga's Ambition	1	2	3	4	5
Nes	Nobunaga's Ambition II	1	2	3	4	5
Nes	North and South	1	2	3	4	5
Nes	Open Tournament Golf, NES	1	2	3	4	5
Nes	Operation Secret Storm	1	2	3	4	5
Nes	Operation Wolf, Take No Prisoners	1	2	3	4	5
Nes	ORB 3-D	1	2	3	4	5
Nes	Othello	1	2	3	4	5
Nes	Overlord	1	2	3	4	5
Nes	P'radikus Conflict, The	1	2	3	4	5
Nes	P.O.W. - Prisoners of War	1	2	3	4	5
Nes	Pac-Man	1	2	3	4	5
Nes	Pac-Man	1	2	3	4	5
Nes	Pac-Man	1	2	3	4	5
Nes	Pac-Mania	1	2	3	4	5
Nes	Palamedes	1	2	3	4	5
Nes	Panic Restaurant	1	2	3	4	5
Nes	Paperboy	1	2	3	4	5
Nes	Paperboy 2	1	2	3	4	5
Nes	Peek A Boo Poker	1	2	3	4	5
Nes	Pesterminator - The Western Exterminator	1	2	3	4	5
Nes	Peter Pan & The Pirates: The Revenge of Captain Hook, Fox's	1	2	3	4	5
Nes	Phantom Fighter	1	2	3	4	5
Nes	Pictionary	1	2	3	4	5
Nes	Pin-Bot	1	2	3	4	5
Nes	Pinball	1	2	3	4	5
Nes	Pinball Quest	1	2	3	4	5
Nes	Pipe Dream	1	2	3	4	5
Nes	Pirates!	1	2	3	4	5
Nes	Platoon	1	2	3	4	5
Nes	Play Action Football, NES	1	2	3	4	5
Nes	Popeye	1	2	3	4	5
Nes	Power Blade	1	2	3	4	5
Nes	Power Blade 2	1	2	3	4	5
Nes	Power Punch II	1	2	3	4	5
Nes	Predator	1	2	3	4	5
Nes	Prince of Persia	1	2	3	4	5
Nes	Princess Tomato in the Salad Kingdom	1	2	3	4	5
Nes	Pro Sport Hockey	1	2	3	4	5
Nes	Pro Wrestling	1	2	3	4	5
Nes	Punch-Out!!	1	2	3	4	5
Nes	Punisher, The	1	2	3	4	5
Nes	Puss N' Boots: Pero's Great Adventure	1	2	3	4	5
Nes	Puzzle	1	2	3	4	5
Nes	Puzznic	1	2	3	4	5
Nes	Pyramid	1	2	3	4	5
Nes	Q*Bert	1	2	3	4	5
Nes	Qix	1	2	3	4	5
Nes	Quattro Adventure	1	2	3	4	5
Nes	Quattro Arcade	1	2	3	4	5
Nes	Quattro Sports	1	2	3	4	5
Nes	R.B.I. Baseball	1	2	3	4	5
Nes	R.B.I. Baseball	1	2	3	4	5
Nes	R.B.I. Baseball 2	1	2	3	4	5
Nes	R.B.I. Baseball 3	1	2	3	4	5
Nes	R.C. Pro-Am	1	2	3	4	5
Nes	R.C. Pro-Am II	1	2	3	4	5
Nes	Race America, Alex DeMeo's	1	2	3	4	5
Nes	RacerMate Challenge II	1	2	3	4	5
Nes	Racket Attack	1	2	3	4	5
Nes	Rad Racer	1	2	3	4	5
Nes	Rad Racer II	1	2	3	4	5
Nes	Rad Racket - Deluxe Tennis II	1	2	3	4	5
Nes	Raid 2020	1	2	3	4	5
Nes	Raid on Bungeling Bay	1	2	3	4	5
Nes	Rainbow Islands	1	2	3	4	5
Nes	Rally Bike	1	2	3	4	5
Nes	Rambo	1	2	3	4	5
Nes	Rampage	1	2	3	4	5
Nes	Rampart	1	2	3	4	5
Nes	Remote Control	1	2	3	4	5
Nes	Ren & Stimpy Show, The: Buckeroo$!	1	2	3	4	5
Nes	Renegade	1	2	3	4	5
Nes	Rescue - The Embassy Mission	1	2	3	4	5
Nes	Ring King	1	2	3	4	5
Nes	River City Ransom	1	2	3	4	5
Nes	Road Runner	1	2	3	4	5
Nes	RoadBlasters	1	2	3	4	5
Nes	Robin Hood - Prince of Thieves	1	2	3	4	5
Nes	RoboCop	1	2	3	4	5
Nes	RoboCop 2	1	2	3	4	5
Nes	RoboCop 3	1	2	3	4	5
Nes	Robodemons	1	2	3	4	5
Nes	RoboWarrior	1	2	3	4	5
Nes	Rock 'n Ball	1	2	3	4	5
Nes	Rocket Ranger	1	2	3	4	5
Nes	Rocketeer, The	1	2	3	4	5
Nes	Rockin' Kats	1	2	3	4	5
Nes	Roger Clemens' MVP Baseball	1	2	3	4	5
Nes	Rollerball	1	2	3	4	5
Nes	Rollerblade Racer	1	2	3	4	5
Nes	Rollergames	1	2	3	4	5
Nes	Rolling Thunder	1	2	3	4	5
Nes	Romance of the Three Kingdoms	1	2	3	4	5
Nes	Romance of the Three Kingdoms II	1	2	3	4	5
Nes	Roundball 2-on-2 Challenge	1	2	3	4	5
Nes	Rush'n Attack	1	2	3	4	5
Nes	Rygar	1	2	3	4	5
Nes	S.C.A.T.	1	2	3	4	5
Nes	Secret Scout	1	2	3	4	5
Nes	Section-Z	1	2	3	4	5
Nes	Seicross	1	2	3	4	5
Nes	Sesame Street: 123	1	2	3	4	5
Nes	Sesame Street: ABC	1	2	3	4	5
Nes	Sesame Street: ABC/123	1	2	3	4	5
Nes	Sesame Street: Big Bird's Hide & Speak	1	2	3	4	5
Nes	Sesame Street: Countdown	1	2	3	4	5
Nes	Shadow of the Ninja	1	2	3	4	5
Nes	Shadowgate	1	2	3	4	5
Nes	Shatterhand	1	2	3	4	5
Nes	Shingen the Ruler	1	2	3	4	5
Nes	Shinobi	1	2	3	4	5
Nes	Shockwave	1	2	3	4	5
Nes	Shooting Range	1	2	3	4	5
Nes	Short Order/Eggsplode	1	2	3	4	5
Nes	Side Pocket	1	2	3	4	5
Nes	Silent Assault	1	2	3	4	5
Nes	Silent Service	1	2	3	4	5
Nes	Silk Worm	1	2	3	4	5
Nes	Silver Surfer	1	2	3	4	5
Nes	Simpsons, The - Bart Vs. the Space Mutants	1	2	3	4	5
Nes	Simpsons, The - Bart Vs. the World	1	2	3	4	5
Nes	Simpsons, The - Bartman Meets Radioactive Man	1	2	3	4	5
Nes	Simpsons, The - Krusty's Fun House	1	2	3	4	5
Nes	Skate or Die	1	2	3	4	5
Nes	Skate or Die 2, The Search for Double Trouble	1	2	3	4	5
Nes	Ski or Die	1	2	3	4	5
Nes	Skull & Crossbones	1	2	3	4	5
Nes	Sky Kid	1	2	3	4	5
Nes	Sky Shark	1	2	3	4	5
Nes	Slalom	1	2	3	4	5
Nes	Smash T.V.	1	2	3	4	5
Nes	Snake Rattle n Roll	1	2	3	4	5
Nes	Snake's Revenge	1	2	3	4	5
Nes	Snoopy's Silly Sports Spectacular	1	2	3	4	5
Nes	Snow Brothers	1	2	3	4	5
Nes	Soccer	1	2	3	4	5
Nes	Solar Jetman - Hunt for the Golden Warship	1	2	3	4	5
Nes	Solitaire	1	2	3	4	5
Nes	Solomon's Key	1	2	3	4	5
Nes	Solstice - The Quest for the Staff of Demnos	1	2	3	4	5
Nes	Space Shuttle Project	1	2	3	4	5
Nes	Spelunker	1	2	3	4	5
Nes	Spider-Man - Return of the Sinister Six	1	2	3	4	5
Nes	Spiritual Warfare	1	2	3	4	5
Nes	Spot: The Videogame!	1	2	3	4	5
Nes	Spy Hunter	1	2	3	4	5
Nes	Spy vs. Spy	1	2	3	4	5
Nes	Sqoon	1	2	3	4	5
Nes	Stack-Up	1	2	3	4	5
Nes	Stadium Events	1	2	3	4	5
Nes	Stanley: The Search for Dr. Livingston	1	2	3	4	5
Nes	Star Force	1	2	3	4	5
Nes	Star Soldier	1	2	3	4	5
Nes	Star Trek 25th Anniversary	1	2	3	4	5
Nes	Star Trek: The Next Generation	1	2	3	4	5
Nes	Star Tropics	1	2	3	4	5
Nes	Star Tropics II - Zoda's Revenge	1	2	3	4	5
Nes	Star Voyager	1	2	3	4	5
Nes	Star Wars	1	2	3	4	5
Nes	Star Wars - The Empire Strikes Back	1	2	3	4	5
Nes	Starship Hector	1	2	3	4	5
Nes	Stealth ATF	1	2	3	4	5
Nes	Stinger	1	2	3	4	5
Nes	Street Cop	1	2	3	4	5
Nes	Street Fighter 2010 - The Final Fight	1	2	3	4	5
Nes	Strider	1	2	3	4	5
Nes	Stunt Kids	1	2	3	4	5
Nes	Sunday Funday	1	2	3	4	5
Nes	Super C	1	2	3	4	5
Nes	Super Cars	1	2	3	4	5
Nes	Super Dodge Ball	1	2	3	4	5
Nes	Super Glove Ball	1	2	3	4	5
Nes	Super Jeopardy!, Talking	1	2	3	4	5
Nes	Super Mario Bros.	1	2	3	4	5
Nes	Super Mario Bros. - Duck Hunt	1	2	3	4	5
Nes	Super Mario Bros. - Duck Hunt - World Class Track Meet	1	2	3	4	5
Nes	Super Mario Bros. 2	1	2	3	4	5
Nes	Super Mario Bros. 3	1	2	3	4	5
Nes	Super Off Road, Ivan "Ironman" Stewart's	1	2	3	4	5
Nes	Super Pitfall	1	2	3	4	5
Nes	Super Spike V'Ball	1	2	3	4	5
Nes	Super Spike V'Ball / World Cup Soccer	1	2	3	4	5
Nes	Super Sprint	1	2	3	4	5
Nes	Super Spy Hunter	1	2	3	4	5
Nes	Super Team Games	1	2	3	4	5
Nes	Superman	1	2	3	4	5
Nes	Swamp Thing	1	2	3	4	5
Nes	Sword Master	1	2	3	4	5
Nes	Swords and Serpents	1	2	3	4	5
Nes	T & C II: Thrilla's Surfari	1	2	3	4	5
Nes	T & C Surf Designs	1	2	3	4	5
Nes	T2 Terminator 2: Judgment Day	1	2	3	4	5
Nes	Taboo - The Sixth Sense	1	2	3	4	5
Nes	Tag Team Wrestling	1	2	3	4	5
Nes	Tagin' Dragon	1	2	3	4	5
Nes	Talespin	1	2	3	4	5
Nes	Target: Renegade	1	2	3	4	5
Nes	Tecmo Baseball	1	2	3	4	5
Nes	Tecmo Bowl	1	2	3	4	5
Nes	Tecmo Cup: Soccer Game	1	2	3	4	5
Nes	Tecmo NBA Basketball	1	2	3	4	5
Nes	Tecmo Super Bowl	1	2	3	4	5
Nes	Tecmo World Wrestling	1	2	3	4	5
Nes	Teenage Mutant Ninja Turtles	1	2	3	4	5
Nes	Teenage Mutant Ninja Turtles - Tournament Fighters	1	2	3	4	5
Nes	Teenage Mutant Ninja Turtles II - The Arcade Game	1	2	3	4	5
Nes	Teenage Mutant Ninja Turtles III - The Manhattan Project	1	2	3	4	5
Nes	Tennis	1	2	3	4	5
Nes	Terminator	1	2	3	4	5
Nes	Terra Cresta	1	2	3	4	5
Nes	Tetris	1	2	3	4	5
Nes	Tetris	1	2	3	4	5
Nes	Tetris 2	1	2	3	4	5
Nes	Three Stooges, The	1	2	3	4	5
Nes	Thunder and Lightning	1	2	3	4	5
Nes	Thunderbirds	1	2	3	4	5
Nes	Thundercade	1	2	3	4	5
Nes	Tiger-Heli	1	2	3	4	5
Nes	Tiles of Fate	1	2	3	4	5
Nes	Time Lord	1	2	3	4	5
Nes	Times of Lore	1	2	3	4	5
Nes	Tiny Toon Adventures	1	2	3	4	5
Nes	Tiny Toon Adventures 2 - Trouble in Wackyland	1	2	3	4	5
Nes	Tiny Toon Cartoon Workshop	1	2	3	4	5
Nes	To The Earth	1	2	3	4	5
Nes	Toki	1	2	3	4	5
Nes	Tom & Jerry - The Ultimate Game of Cat and Mouse!	1	2	3	4	5
Nes	Tombs & Treasure	1	2	3	4	5
Nes	Toobin'	1	2	3	4	5
Nes	Top Gun	1	2	3	4	5
Nes	Top Gun - The Second Mission	1	2	3	4	5
Nes	Top Players' Tennis, Chris Evert & Ivan Lendl in	1	2	3	4	5
Nes	Total Recall	1	2	3	4	5
Nes	Totally Rad	1	2	3	4	5
Nes	Touchdown Fever	1	2	3	4	5
Nes	Toxic Crusaders	1	2	3	4	5
Nes	Track & Field	1	2	3	4	5
Nes	Track & Field II	1	2	3	4	5
Nes	Treasure Master	1	2	3	4	5
Nes	Trog!	1	2	3	4	5
Nes	Trojan	1	2	3	4	5
Nes	Trolls on Treasure Island	1	2	3	4	5
Nes	Twin Cobra	1	2	3	4	5
Nes	Twin Eagle	1	2	3	4	5
Nes	Ultima: Exodus	1	2	3	4	5
Nes	Ultima: Quest of the Avatar	1	2	3	4	5
Nes	Ultima: Warriors of Destiny	1	2	3	4	5
Nes	Ultimate Air Combat	1	2	3	4	5
Nes	Ultimate Basketball	1	2	3	4	5
Nes	Ultimate League Soccer	1	2	3	4	5
Nes	Ultimate Stuntman, The	1	2	3	4	5
Nes	Uncharted Waters	1	2	3	4	5
Nes	Uninvited	1	2	3	4	5
Nes	Untouchables, The	1	2	3	4	5
Nes	Urban Champion	1	2	3	4	5
Nes	Vegas Dream	1	2	3	4	5
Nes	Venice Beach Volleyball	1	2	3	4	5
Nes	Vice: Project Doom	1	2	3	4	5
Nes	Videomation	1	2	3	4	5
Nes	Vindicators	1	2	3	4	5
Nes	Volleyball	1	2	3	4	5
Nes	Wacky Races	1	2	3	4	5
Nes	Wall Street Kid	1	2	3	4	5
Nes	Wally Bear and the No! Gang	1	2	3	4	5
Nes	Wario's Woods	1	2	3	4	5
Nes	Wayne Gretzky Hockey	1	2	3	4	5
Nes	Wayne's World	1	2	3	4	5
Nes	WCW: World Championship Wrestling	1	2	3	4	5
Nes	Werewolf - The Last Warrior	1	2	3	4	5
Nes	Wheel of Fortune	1	2	3	4	5
Nes	Wheel of Fortune Featuring Vanna White	1	2	3	4	5
Nes	Wheel of Fortune: Family Edition	1	2	3	4	5
Nes	Wheel of Fortune: Junior Edition	1	2	3	4	5
Nes	Where in Time Is Carmen Sandiego?	1	2	3	4	5
Nes	Where's Waldo?	1	2	3	4	5
Nes	Who Framed Roger Rabbit?	1	2	3	4	5
Nes	Whomp 'Em	1	2	3	4	5
Nes	Widget	1	2	3	4	5
Nes	Wild Gunman	1	2	3	4	5
Nes	Willow	1	2	3	4	5
Nes	Win, Lose or Draw	1	2	3	4	5
Nes	Winter Games	1	2	3	4	5
Nes	Wizardry Master Series II: Knight of Diamonds	1	2	3	4	5
Nes	Wizardry Master Series: The Proving Grounds of the Mad Overlord	1	2	3	4	5
Nes	Wizards & Warriors	1	2	3	4	5
Nes	Wizards & Warriors III, Kuros?Visions of Power	1	2	3	4	5
Nes	Wolverine	1	2	3	4	5
Nes	World Champ	1	2	3	4	5
Nes	World Championship Racing, Nigel Mansell's	1	2	3	4	5
Nes	World Class Track Meet	1	2	3	4	5
Nes	World Cup, Nintendo	1	2	3	4	5
Nes	World Games	1	2	3	4	5
Nes	Wrath of the Black Manta	1	2	3	4	5
Nes	Wrecking Crew	1	2	3	4	5
Nes	Wurm: Journey to the Center of the Earth	1	2	3	4	5
Nes	WWF King of the Ring	1	2	3	4	5
Nes	WWF WrestleMania	1	2	3	4	5
Nes	WWF WrestleMania Challenge	1	2	3	4	5
Nes	WWF Wrestlemania Steel Cage Challenge	1	2	3	4	5
Nes	Xenophobe	1	2	3	4	5
Nes	Xevious - The Avenger	1	2	3	4	5
Nes	Xexyz	1	2	3	4	5
Nes	Yo! Noid	1	2	3	4	5
Nes	Yoshi	1	2	3	4	5
Nes	Yoshi's Cookie	1	2	3	4	5
Nes	Young Indiana Jones Chronicles, The	1	2	3	4	5
Nes	Zanac	1	2	3	4	5
Nes	Zelda II - The Adventure of Link	1	2	3	4	5
Nes	Zen - Intergalactic Ninja	1	2	3	4	5
Nes	Zombie Nation	1	2	3	4	5